"","...1","...2","...3","state","district_num","st_cd_fips","average_support","gdp_percent_difference","incumb","hist_avg","house_party_in_power_at_election","pres_party_in_power_at_election","prev_results_dist","gdp_percent_differenct","district","year","avg_rating","fit","lwr","upr","dem_2p_avg","cd_2010","pop","vap","pop_overlap","vap_overlap","adj_pred"
"1",1,1,1,"Alabama","01","0101",45.2,-0.6,0,36.9125885634323,1,1,36.8,2.6,1,NA,7,28.9669636348352,28.4739409461957,29.4599863234748,36.6840816781029,1,717620,557432,1,1,28.9669636348352
"2",2,2,2,"Alabama","02","0102",45.2,-0.6,0,38.1369131019568,1,1,38.5,2.6,2,NA,7,29.5248471665677,29.0310287543115,30.0186655788239,34.4523241344062,2,680313,529393,0.946581699028113,0.94804318005179,29.7808632001846
"3",3,3,3,"Alabama","03","0103",45.2,-0.6,0,36.0641777066253,1,1,36.24,2.6,3,NA,7,28.7831902361469,28.2902460904759,29.2761343818179,33.5044342720341,3,693517,544745,0.965876900022005,0.965031781237378,28.9482837304255
"4",4,4,4,"Alabama","04","0104",45.2,-0.6,0,35.5706227547376,1,1,20.15,2.6,4,NA,7,23.5029866916907,22.9746579271163,24.031315456265,20.8607671372126,4,674218,521298,0.942067602933718,0.940181977221285,23.3449343421946
"5",5,5,5,"Alabama","05","0105",45.2,-0.6,0,34.7623196098514,1,1,38.93,2.6,5,NA,7,29.6659588834177,29.1718066785048,30.1601110883306,35.8357969735782,5,719826,562855,1,1,29.6659588834177
"6",6,6,6,"Alabama","06","0106",45.2,-0.6,0,43.8961863358262,1,1,30.79,2.6,6,NA,7,26.9946812667692,26.4977601178387,27.4916024156997,34.061645063062,6,653869,503296,0.908291417149033,0.908627425493042,27.640407942784
"7",7,7,7,"Alabama","07","0107",45.2,-0.6,1,31.1762137728174,1,1,100,2.6,7,NA,1,79.8088174629966,79.2264791642737,80.3911557617195,66.8818722958738,7,602610,477698,0.843351405515701,0.844562388617012,77.7994839837402
"8",8,8,8,"Alaska","00","0200",45.2,-0.6,0,50.7322021224676,1,1,46.69,2.6,1,2022,4.25,44.4416198707513,43.854955819268,45.0282839222346,44.2120378789554,1,733391,554003,1,1,44.4416198707513
"9",9,9,9,"Arizona","01","0401",45.2,-0.6,1,41.0608476841758,1,1,53.84,2.6,1,2022,4.83333333333333,47.6140329720927,46.9845877404184,48.243478203767,46.3502243125395,NA,NA,NA,NA,0,46.3502243125395
"10",10,10,10,"Arizona","02","0402",45.2,-0.6,1,47.5847496057084,1,1,54.75,2.6,2,2022,5.16666666666667,46.4303511997047,45.7774040734145,47.0832983259949,43.6654059388896,NA,NA,NA,NA,0,43.6654059388896
"11",11,11,11,"Arizona","03","0403",45.2,-0.6,1,29.8517587191383,1,1,63.87,2.6,3,NA,1,67.9521515797646,67.4621281852254,68.4421749743038,75.4455974727684,3,93206,63322,0.114005088311561,0.108317538949976,74.6339258553835
"12",12,12,12,"Arizona","04","0404",45.2,-0.6,0,37.533118905435,1,1,30.92,2.6,4,2022,2.25,48.1603109685134,47.3976922309519,48.922929706075,51.6314641601868,NA,NA,NA,NA,0,51.6314641601868
"13",13,13,13,"Arizona","05","0405",45.2,-0.6,0,44.1730648796765,1,1,40.58,2.6,5,NA,7,30.2074340759816,29.7115073877921,30.703360764171,38.3862631142723,5,651611,479160,0.818828978717843,0.817980689127733,31.6961389012733
"14",14,14,14,"Arizona","06","0406",45.2,-0.6,0,45.3967971333289,1,1,44.81,2.6,6,2022,4.91666666666667,40.8600392274987,40.3152685581946,41.4048098968029,46.5249699093734,NA,NA,NA,NA,0,46.5249699093734
"15",15,15,15,"Arizona","07","0407",45.2,-0.6,1,20.0659997482138,1,1,100,2.6,7,NA,1,79.8088174629966,79.2264791642737,80.3911557617195,67.0517737242204,7,7216,4972,0.00909639837585924,0.008227333877189,67.1567301823452
"16",16,16,16,"Arizona","08","0408",45.2,-0.6,0,37.5476146126938,1,1,44.54,2.6,8,NA,7,31.5069745381349,31.0036446201036,32.0103044561661,39.19454273288,8,551046,444879,0.698089472143995,0.711661790324206,33.7235941881682
"17",17,17,17,"Arizona","09","0409",45.2,-0.6,1,38.3707687321418,1,1,61.09,2.6,9,NA,1,67.0398479219903,66.5418564908223,67.5378393531584,33.4399447432026,NA,NA,NA,NA,0,33.4399447432026
"18",18,18,18,"Arkansas","01","0501",45.2,-0.6,0,35.1713991274453,1,1,29.44,2.6,1,NA,7,26.551656109217,26.0524363916266,27.0508758268074,29.7733507047151,1,689147,529050,0.915799013699504,0.913669027474833,26.8297881368254
"19",19,19,19,"Arkansas","02","0502",45.2,-0.6,0,42.1089902471501,1,1,46.78,2.6,2,NA,4.33333333333333,44.1005764949406,43.5191313536433,44.682021636238,41.0461070905105,2,727999,562607,0.96717062348049,0.965507477184034,43.9952201393177
"20",20,20,20,"Arkansas","03","0503",45.2,-0.6,0,34.1046980516015,1,1,33.51,2.6,3,NA,7,27.8872949175412,27.3934299927913,28.3811598422911,35.1160525996457,3,713443,536011,0.947191985332287,0.946402244481052,28.2747401044924
"21",21,21,21,"Arkansas","04","0504",45.2,-0.6,0,37.2814967422403,1,1,31.88,2.6,4,NA,7,27.3523830606448,26.8569410791573,27.8478250421322,32.1234066769593,4,646825,502519,0.858899249222532,0.860240584359449,28.0191785332682
"22",22,22,22,"California","01","0601",45.2,-0.6,0,46.5563420308539,1,1,45.11,2.6,1,NA,6.66666666666667,33.1763431499135,32.6744873785808,33.6781989212461,38.4367535616113,1,546579,432517,0.717467580796963,0.732476299184062,34.5836276110616
"23",23,23,23,"California","02","0602",45.2,-0.6,1,50.6087119314764,1,1,77.01,2.6,2,NA,1,72.2642631132733,71.781699386271,72.7468268402756,74.0552184430745,2,717065,575932,0.929115075436787,0.930593145436889,72.3885676893778
"24",24,24,24,"California","03","0603",45.2,-0.6,1,38.4587764608888,1,1,58.07,2.6,3,2022,6.08333333333333,43.4435026710444,42.7161819915777,44.1708233505111,46.461549747,3,15269,12260,0.0198586264525904,0.0201973275607856,46.4005932616131
"25",25,25,25,"California","04","0604",45.2,-0.6,0,42.0743831724243,1,1,45.87,2.6,4,NA,6.33333333333333,34.9080634505328,34.4035826263512,35.4125442747143,67.6634683449501,NA,NA,NA,NA,0,67.6634683449501
"26",26,26,26,"California","05","0605",45.2,-0.6,1,32.9843893580062,1,1,100,2.6,5,NA,1,79.8088174629966,79.2264791642737,80.3911557617195,42.1112738095585,NA,NA,NA,NA,0,42.1112738095585
"27",27,27,27,"California","06","0606",45.2,-0.6,1,30.1556751194946,1,1,100,2.6,6,2022,1,79.8088174629966,79.2264791642737,80.3911557617195,58.1094619604088,6,357976,265801,0.470427447470889,0.457181139714925,68.0299980401612
"28",28,28,28,"California","07","0607",45.2,-0.6,1,44.1445392314627,1,1,55.04,2.6,7,NA,1,65.0544388825895,64.5321573757898,65.5767203893891,68.4499511005265,7,290502,217573,0.384896780801136,0.375216431552444,67.1758991228195
"29",29,29,29,"California","08","0608",45.2,-0.6,0,22.7691696401869,1,1,0,2.6,8,NA,7,16.890426006744,16.2354793241029,17.5453726893851,77.7996053662072,NA,NA,NA,NA,0,77.7996053662072
"30",30,30,30,"California","09","0609",45.2,-0.6,1,34.0464451525903,1,1,56.49,2.6,9,2022,2.58333333333333,58.4892913785103,57.9827006001245,58.9958821568962,55.2357011894102,9,550766,404069,0.71214799317806,0.708761177745893,57.5417196037393
"31",31,31,31,"California","10","0610",45.2,-0.6,1,37.1554659860167,1,1,52.25,2.6,10,NA,1.33333333333333,62.6565400117249,62.1290121753585,63.1840678480914,67.7760054116387,NA,NA,NA,NA,0,67.7760054116387
"32",32,32,32,"California","11","0611",45.2,-0.6,1,45.2529608506704,1,1,74.13,2.6,11,NA,1,71.3191427771618,70.8393234232113,71.7989621311123,88.5585571499826,NA,NA,NA,NA,0,88.5585571499826
"33",33,33,33,"California","12","0612",45.2,-0.6,1,45.0373127333499,1,1,86.82,2.6,12,NA,1,75.483579258153,74.9739807641096,75.9931777521965,91.7336075153328,NA,NA,NA,NA,0,91.7336075153328
"34",34,34,34,"California","13","0613",45.2,-0.6,1,43.5049871407405,1,1,100,2.6,13,2022,3.5,68.6914658735725,68.0542406327883,69.3286911143566,55.5406381124648,NA,NA,NA,NA,0,55.5406381124648
"35",35,35,35,"California","14","0614",45.2,-0.6,1,41.6679042465962,1,1,79.22,2.6,14,NA,1,72.9895117045255,72.5031936279959,73.4758297810552,72.5955124313118,NA,NA,NA,NA,0,72.5955124313118
"36",36,36,36,"California","15","0615",45.2,-0.6,1,39.9944362882358,1,1,72.97,2.6,15,NA,1,70.9384693084502,70.4590593572052,71.4178792596953,78.8846953496426,NA,NA,NA,NA,0,78.8846953496426
"37",37,37,37,"California","16","0616",45.2,-0.6,1,29.0945339987451,1,1,57.55,2.6,16,NA,1,65.8781375088533,65.36703679737,66.3892382203366,76.6212951671836,NA,NA,NA,NA,0,76.6212951671836
"38",38,38,38,"California","17","0617",45.2,-0.6,1,32.0207091243219,1,1,75.35,2.6,17,NA,1,71.7195062528757,71.2388240040243,72.2001885017271,74.8972477565861,17,699754,555235,0.913909498988469,0.912441086183436,71.9977458473304
"39",39,39,39,"California","18","0618",45.2,-0.6,1,51.7648612641397,1,1,74.49,2.6,18,NA,1,71.4372828191757,70.9572548554694,71.9173107828821,73.190258605288,18,10176,8006,0.0132926646071048,0.013982520975528,73.1657475845891
"40",40,40,40,"California","19","0619",45.2,-0.6,1,32.3268443277395,1,1,73.75,2.6,19,NA,1,71.1944393994804,70.7147983649975,71.6740804339633,69.7943243677541,19,247170,193818,0.326238026917904,0.318810542470404,70.2406958005397
"41",41,41,41,"California","20","0620",45.2,-0.6,1,33.7013552015141,1,1,100,2.6,20,NA,1,79.8088174629966,79.2264791642737,80.3911557617195,34.8291625413755,NA,NA,NA,NA,0,34.8291625413755
"42",42,42,42,"California","21","0621",45.2,-0.6,0,27.5677505841718,1,1,50.38,2.6,21,2022,1.33333333333333,58.622798822389,57.7775147277966,59.4680829169813,60.4490881481965,21,110012,78262,0.14567594874355,0.147544723233458,60.179628795076
"43",43,43,43,"California","22","0622",45.2,-0.6,0,37.8032470765585,1,1,47.28,2.6,22,2022,4,45.7469734318832,45.1423772998426,46.3515695639239,58.0974454174028,22,71719,48389,0.0918301758267648,0.0892502748205367,56.9951623985319
"44",44,44,44,"California","23","0623",45.2,-0.6,0,34.9865864617854,1,1,36.28,2.6,23,2022,7,28.7963169074818,28.3033701722998,29.2892636426637,42.4674258716312,23,19247,14669,0.0249828662215346,0.025466792822979,42.1192665719808
"45",45,45,45,"California","24","0624",45.2,-0.6,1,47.7718804013737,1,1,58.56,2.6,24,NA,1,66.2095859600591,65.7025516419425,66.7166202781756,62.7629580054766,24,639141,511518,0.834412782629243,0.834591839398528,65.639485569814
"46",46,46,46,"California","25","0625",45.2,-0.6,0,32.1270039626096,1,1,54.37,2.6,25,2022,1.33333333333333,59.9321842880434,59.0812072214844,60.7831613546024,58.1057975001525,NA,NA,NA,NA,0,58.1057975001525
"47",47,47,47,"California","26","0626",45.2,-0.6,1,45.3435090849515,1,1,61.94,2.6,26,2022,1.33333333333333,65.8364761426,65.3494563594383,66.3234959257618,57.9385940648867,26,590822,454236,0.776396225919209,0.770978736116014,64.0276932071555
"48",48,48,48,"California","27","0627",45.2,-0.6,1,29.8391036123684,1,1,100,2.6,27,2022,4,66.4679955556876,65.8013355479556,67.1346555634197,54.8075547128157,NA,NA,NA,NA,0,54.8075547128157
"49",49,49,49,"California","28","0628",45.2,-0.6,1,34.1996365274301,1,1,78.37,2.6,28,NA,1,72.7105699386593,72.2258631316619,73.1952767456567,66.6998322759928,28,51853,40959,0.0683024947080155,0.066034039959953,67.0967455669981
"50",50,50,50,"California","29","0629",45.2,-0.6,1,27.8326603653591,1,1,80.61,2.6,29,NA,1,73.4456635334126,72.9562662670551,73.9350607997702,78.9756240714086,29,668085,520117,0.892243278977523,0.887344536381472,74.0686438016128
"51",51,51,51,"California","30","0630",45.2,-0.6,1,37.424460574823,1,1,73.4,2.6,30,NA,1,71.0795810253002,70.6000661396147,71.5590959109857,76.1511165416074,30,23305,19450,0.0304768007532563,0.0296861811971239,76.0005620193227
"52",52,52,52,"California","31","0631",45.2,-0.6,1,30.4912064573273,1,1,58.74,2.6,31,NA,1,66.268655981066,65.7623195056301,66.7749924565019,66.9512530913844,NA,NA,NA,NA,0,66.9512530913844
"53",53,53,53,"California","32","0632",45.2,-0.6,1,29.0485561111111,1,1,68.78,2.6,32,NA,1,69.5634504861214,69.0821757326543,70.0447252395884,71.5413445094436,NA,NA,NA,NA,0,71.5413445094436
"54",54,54,54,"California","33","0633",45.2,-0.6,1,47.3065586990222,1,1,70.03,2.6,33,NA,1,69.9736589653364,69.4934874497204,70.4538304809524,63.5522875494627,NA,NA,NA,NA,0,63.5522875494627
"55",55,55,55,"California","34","0634",45.2,-0.6,1,20.1143310678676,1,1,100,2.6,34,NA,1,79.8088174629966,79.2264791642737,80.3911557617195,85.6188922418794,34,651452,531380,0.865708890415637,0.875526835231972,80.532015858263
"56",56,56,56,"California","35","0635",45.2,-0.6,1,21.9279002316709,1,1,69.4,2.6,35,NA,1,69.766913891812,69.2862442066389,70.2475835769851,65.494566291347,35,607702,457357,0.779026226830872,0.778457474422017,68.820407214258
"57",57,57,57,"California","36","0636",45.2,-0.6,1,34.9257475109902,1,1,59.02,2.6,36,NA,1,66.3605426804102,65.8552754019368,66.8658099588836,71.8911708542895,NA,NA,NA,NA,0,71.8911708542895
"58",58,58,58,"California","37","0637",45.2,-0.6,1,37.8618119416123,1,1,89.08,2.6,37,NA,1,76.2252361885739,75.7058363689563,76.7446360081914,89.3747983636481,37,521603,418405,0.697685585839846,0.714944799197576,79.9735872748536
"59",59,59,59,"California","38","0638",45.2,-0.6,1,32.0570358438329,1,1,68.85,2.6,38,NA,1,69.5864221609574,69.1052214120042,70.0676229099106,65.9048878229715,38,488444,383587,0.643682099237245,0.637325336036021,68.2512229320565
"60",60,60,60,"California","39","0639",45.2,-0.6,0,39.0180238176325,1,1,51.56,2.6,39,NA,2.25,54.9336733773124,54.1765327861462,55.6908139684787,63.3147710995759,NA,NA,NA,NA,0,63.3147710995759
"61",61,61,61,"California","40","0640",45.2,-0.6,1,18.9764174782212,1,1,100,2.6,40,2022,6.08333333333333,57.2035358978342,56.3704569505,58.0366148451684,47.5251744043507,NA,NA,NA,NA,0,47.5251744043507
"62",62,62,62,"California","41","0641",45.2,-0.6,1,27.3048310197718,1,1,65.1,2.6,41,2022,6,46.121093544464,45.4070000534354,46.8351870354926,47.7916311062402,41,16771,13074,0.0227806800924756,0.0227614987003626,47.753607167699
"63",63,63,63,"California","42","0642",45.2,-0.6,0,33.3599964353642,1,1,43.5,2.6,42,NA,7,31.1656810834279,30.6647187025628,31.666643464293,74.2883092306059,NA,NA,NA,NA,0,74.2883092306059
"64",64,64,64,"California","43","0643",45.2,-0.6,1,33.6544923882183,1,1,77.67,2.6,43,NA,1,72.4808531902988,71.9973166580067,72.9643897225909,84.640574230474,43,541805,416920,0.719978897823207,0.734169190674086,75.7132816755859
"65",65,65,65,"California","44","0644",45.2,-0.6,1,20.3088833713877,1,1,100,2.6,44,NA,1,79.8088174629966,79.2264791642737,80.3911557617195,76.3409070210193,44,468838,359799,0.617711385627253,0.613833295516002,78.4696259161726
"66",66,66,66,"California","45","0645",45.2,-0.6,1,45.1942755713779,1,1,52.05,2.6,45,2022,5.16666666666667,45.5443008846002,44.8836022062104,46.2049995629899,53.6620476664091,NA,NA,NA,NA,0,53.6620476664091
"67",67,67,67,"California","46","0646",45.2,-0.6,1,30.543610082108,1,1,69.15,2.6,46,NA,1,69.684872195969,69.203972211706,70.1657721802321,67.5608425345591,46,590008,449773,0.793779009538673,0.79038025934042,69.239633649191
"68",68,68,68,"California","47","0647",45.2,-0.6,1,36.2214208547215,1,1,64.86,2.6,47,2022,2.83333333333333,60.1243121963919,59.6334989070694,60.6151254857144,53.6129185453427,NA,NA,NA,NA,0,53.6129185453427
"69",69,69,69,"California","48","0648",45.2,-0.6,0,44.7141705635423,1,1,53.55,2.6,48,NA,2.83333333333333,52.9926765720239,52.2837676182678,53.7015855257799,40.540810206757,NA,NA,NA,NA,0,40.540810206757
"70",70,70,70,"California","49","0649",45.2,-0.6,1,44.4866073857424,1,1,56.42,2.6,49,2022,2.58333333333333,58.4663197036743,57.9594577372434,58.9731816701052,53.3019161174312,49,683380,538035,0.901395000369327,0.897420500888188,57.9365577705862
"71",71,71,71,"California","50","0650",45.2,-0.6,0,41.6882240205329,1,1,48.28,2.6,50,NA,5.75,38.2929941026584,37.7723918407951,38.8135963645216,64.8969194829256,50,179011,135705,0.239958231066917,0.222725721000768,58.9715410211549
"72",72,72,72,"California","51","0651",45.2,-0.6,1,28.2046609911311,1,1,71.2,2.6,51,NA,1,70.3576141018817,69.8780546009788,70.8371736027846,62.4422055260835,NA,NA,NA,NA,0,62.4422055260835
"73",73,73,73,"California","52","0652",45.2,-0.6,1,44.5621893513071,1,1,63.85,2.6,52,NA,1,67.9455882440972,67.4555151274495,68.4356613607449,70.2933543443837,NA,NA,NA,NA,0,70.2933543443837
"74",74,74,74,"California","53","0653",45.2,-0.6,1,38.4795336526745,1,1,69.07,2.6,53,NA,1,69.6586188532992,69.1776412666737,70.1395964399248,69.6586188532992,NA,NA,NA,NA,0,69.6586188532992
"75",75,75,75,"Colorado","01","0801",45.2,-0.6,1,53.0903097345211,1,1,76.21,2.6,1,NA,1,72.0017296865756,71.5201740610211,72.4832853121302,80.2572766379917,1,720658,585470,1,1,72.0017296865756
"76",76,76,76,"Colorado","02","0802",45.2,-0.6,1,61.4417136875475,1,1,64.18,2.6,2,NA,1,68.05388328261,67.5646162562435,68.5431503089765,70.1299548758993,2,542694,446374,0.754737500869202,0.765739400135865,68.5402250594148
"77",77,77,77,"Colorado","03","0803",45.2,-0.6,0,52.8283244374974,1,1,45.81,2.6,3,2022,6.66666666666667,33.4060598982739,32.9024178974668,33.909701899081,45.0192925773944,3,688562,542280,0.953941981720876,0.953640427544923,33.9444444000992
"78",78,78,78,"Colorado","04","0804",45.2,-0.6,0,57.2115462082404,1,1,39.38,2.6,4,NA,7,29.8136339359351,29.3190753209634,30.3081925509068,37.7809060354659,4,467385,351364,0.650180704287658,0.648901611339397,32.6109303321009
"79",79,79,79,"Colorado","06","0806",45.2,-0.6,1,55.5598042230846,1,1,55.79,2.6,6,NA,1,65.3005639701185,64.7817802476032,65.8193476926339,59.5468588773402,6,615754,469006,0.848693096927496,0.842699334473688,64.3955023297823
"80",80,80,80,"Colorado","07","0807",45.2,-0.6,1,53.4213269562281,1,1,63.04,2.6,7,2022,2.25,62.1210973548538,61.6402010857225,62.601993623985,54.6393107687983,7,434802,352332,0.603580654968065,0.60410472712309,59.1590934127605
"81",81,81,81,"Connecticut","01","0901",45.2,-0.6,1,46.7584156444841,1,1,64.58,2.6,1,2022,1,68.1851499959588,67.6968190180946,68.673480973823,60.9581061401459,1,692183,551605,0.96746162974186,0.966280344886784,67.9414565696527
"82",82,82,82,"Connecticut","02","0902",45.2,-0.6,1,45.9896915994427,1,1,63.69,2.6,2,2022,1.66666666666667,64.9284544682445,64.4505394260306,65.4063695104585,51.2243522671618,2,699901,569338,0.964885603524812,0.966606508920947,64.4708266536462
"83",83,83,83,"Colorado","05","0805",45.2,-0.6,0,49.5433455667426,1,1,40.81,2.6,5,2022,7,30.2829124361571,29.7866765075323,30.7791483647819,41.4935908747274,5,722130,552307,1,1,30.2829124361571
"84",84,84,84,"Connecticut","03","0903",45.2,-0.6,1,45.0596366199034,1,1,64.6,2.6,3,2022,1,68.1917133316262,67.703427971572,68.6799986916805,57.2036162426837,3,697433,564031,0.971464747415795,0.970434348734978,67.8668430850283
"85",85,85,85,"Connecticut","04","0904",45.2,-0.6,1,49.0090606911691,1,1,61.21,2.6,4,2022,1,67.079227935995,66.5816237407944,67.5768321311955,61.3518733560211,4,726330,559395,1,1,67.079227935995
"86",86,86,86,"Connecticut","05","0905",45.2,-0.6,1,46.7147292501134,1,1,55.87,2.6,5,2022,2.58333333333333,58.2858279728197,57.7767923049323,58.794863640707,51.8484947931354,5,720860,568756,1,1,58.2858279728197
"87",87,87,87,"Delaware","00","1000",45.2,-0.6,1,40.8413210822204,1,1,64.45,2.6,1,NA,1,68.1424883141204,67.6538580669672,68.6311185612737,58.968838737276,1,989948,783543,1,1,68.1424883141204
"88",88,88,88,"Florida","01","1201",45.2,-0.6,0,46.7719617464062,1,1,32.94,2.6,1,NA,7,27.7002398510191,27.2059103728541,28.1945693291841,32.1339809601812,1,779463,613429,1,1,27.7002398510191
"89",89,89,89,"Florida","02","1202",45.2,-0.6,0,48.7109957851491,1,1,32.56,2.6,2,2022,7,27.5755364733378,27.0808452834709,28.0702276632046,45.1427410724411,2,488556,394640,0.642823308982969,0.644518554569477,33.8203517564008
"90",90,90,90,"Florida","03","1203",45.2,-0.6,0,47.5942742903097,1,1,42.38,2.6,3,NA,7,30.7981342860512,30.299386723543,31.2968818485595,43.3441290279924,3,433518,352459,0.562182448186696,0.563309802091441,36.2768472128693
"91",91,91,91,"Florida","04","1204",45.2,-0.6,0,46.8080060395629,1,1,33.18,2.6,4,2022,7,27.7789998790284,27.2848774250802,28.2731223329766,46.2962572807407,4,206655,163791,0.267673261299256,0.276088697103269,41.1838518107761
"92",92,92,92,"Florida","05","1205",45.2,-0.6,1,41.2000784715145,1,1,66.78,2.6,5,NA,1,68.9071169193773,68.4231197104487,69.3911141283058,40.3076837067821,5,105908,81489,0.137978474899325,0.134550894347604,44.1557630233714
"93",93,93,93,"Florida","06","1206",45.2,-0.6,0,50.2321139343988,1,1,43.69,2.6,6,NA,7,31.2280327722686,30.7266600885013,31.7294054560359,38.5872561827186,6,499298,414004,0.641574942369815,0.645214781197937,33.8389764601584
"94",94,94,94,"Florida","07","1207",45.2,-0.6,1,47.1072466632936,1,1,57.69,2.6,7,2022,6.41666666666667,41.8364857481064,41.0765282248645,42.5964432713484,47.5051502831196,7,470856,370782,0.620059733569318,0.609565113033128,44.0497301450874
"95",95,95,95,"Florida","08","1208",45.2,-0.6,0,54.4774213446158,1,1,39.5,2.6,8,NA,7,29.8530139499398,29.3583371151374,30.3476907847421,40.4191238847076,8,768902,633487,1,1,29.8530139499398
"96",96,96,96,"Florida","09","1209",45.2,-0.6,1,40.4502463182498,1,1,58.02,2.6,9,2022,1,66.0323758970382,65.5231991152582,66.5415526788181,61.2196305936866,9,549444,420382,0.712180895533996,0.706271536407975,64.618735613425
"97",97,97,97,"Florida","10","1210",45.2,-0.6,1,22.04136,1,1,100,2.6,10,NA,1,79.8088174629966,79.2264791642737,80.3911557617195,67.1785628182146,10,338937,260429,0.446599677439757,0.432438221687915,72.6403676762696
"98",98,98,98,"Florida","11","1211",45.2,-0.6,0,51.6566657141992,1,1,34.85,2.6,11,NA,7,28.3270384072597,27.8338955795686,28.8201812349509,42.8233147838101,11,268936,234944,0.342267931026145,0.371848623119936,37.4328943728238
"99",99,99,99,"Florida","12","1212",45.2,-0.6,0,28.0653390388414,1,1,40.57,2.6,12,NA,7,30.2041524081478,29.7082388230631,30.7000659932326,35.8184351852552,12,428085,342555,0.551341180228297,0.541412599216698,32.7787917541639
"100",100,100,100,"Florida","13","1213",45.2,-0.6,1,42.7110610446247,1,1,57.64,2.6,13,2022,6.08333333333333,43.3023909541944,42.5744408731976,44.0303410351912,46.4286145756619,13,531958,449755,0.696638454073889,0.696541876452887,44.2510689081536
"101",101,101,101,"Florida","14","1214",45.2,-0.6,1,0,1,1,100,2.6,14,2022,1,79.8088174629966,79.2264791642737,80.3911557617195,61.2134813486499,14,519234,412225,0.666580225739198,0.657693203610871,73.4435075299155
"102",102,102,102,"Florida","15","1215",45.2,-0.6,0,44.8589162396435,1,1,46.98,2.6,15,2022,6.08333333333333,36.3840637390182,35.8738272919291,36.8943001861072,48.5918903284567,15,349379,268523,0.458578452605024,0.451771431647874,43.0767430328371
"103",103,103,103,"Florida","16","1216",45.2,-0.6,0,53.2549220012833,1,1,45.44,2.6,16,2022,7,31.8023246431697,31.2967075413742,32.3079417449652,44.5974117271321,16,607388,482175,0.791688281895606,0.794404610487607,34.4329355560419
"104",104,104,104,"Florida","17","1217",45.2,-0.6,0,45.4352626581886,1,1,37.74,2.6,17,NA,7,29.275440411205,28.7820812420193,29.7687995803906,41.8492122465123,17,480686,414467,0.620372079216866,0.629042049762781,33.939781037981
"105",105,105,105,"Florida","18","1218",45.2,-0.6,0,52.1930005710511,1,1,45.7,2.6,18,NA,6.08333333333333,35.9640102563019,35.4570269564222,36.4709935561817,38.7239312616667,NA,NA,NA,NA,0,38.7239312616667
"106",106,106,106,"Florida","19","1219",45.2,-0.6,0,48.9261131147527,1,1,37.73,2.6,19,NA,7,29.2721587433712,28.7788045022321,29.7655129845103,37.505700803588,19,751203,635691,0.983421197669228,0.983476981485865,29.4082017112691
"107",107,107,107,"Florida","20","1220",45.2,-0.6,1,37.3297185982996,1,1,100,2.6,20,NA,1,79.8088174629966,79.2264791642737,80.3911557617195,78.721865627533,20,559474,427698,0.738178047055595,0.728744566763844,79.5139758719611
"108",108,108,108,"Florida","21","1221",45.2,-0.6,1,14.468605,1,1,100,2.6,21,NA,1,79.8088174629966,79.2264791642737,80.3911557617195,45.4181175646163,21,1330,1256,0.00172430110705316,0.00198933425408676,45.4865321619461
"109",109,109,109,"Florida","22","1222",45.2,-0.6,1,48.8202867816195,1,1,62.02,2.6,22,2022,1,67.3450430305263,66.8499516497621,67.8401344112905,60.2937413507502,22,4725,4035,0.0061304163363594,0.00643403164236032,60.3391096488777
"110",110,110,110,"Florida","23","1223",45.2,-0.6,1,42.0862813288195,1,1,61.91,2.6,23,2022,1,67.3089446843554,66.8135224372802,67.8043669314306,56.9280030775917,NA,NA,NA,NA,0,56.9280030775917
"111",111,111,111,"Florida","24","1224",45.2,-0.6,1,15.903555,1,1,100,2.6,24,NA,1,79.8088174629966,79.2264791642737,80.3911557617195,79.3734748634545,24,550348,431992,0.712345292304028,0.701898736233919,79.6790412839019
"112",112,112,112,"Florida","25","1225",45.2,-0.6,0,24.4741132884276,1,1,39.55,2.6,25,NA,7,29.8694222891083,29.3746949742283,30.3641496039884,62.5924671434864,NA,NA,NA,NA,0,62.5924671434864
"113",113,113,113,"Florida","26","1226",45.2,-0.6,0,42.4683087068962,1,1,50.87,2.6,26,NA,3.08333333333333,51.0014544336444,50.3194941066398,51.6834147606489,44.9372235593528,NA,NA,NA,NA,0,44.9372235593528
"114",114,114,114,"Florida","27","1227",45.2,-0.6,0,27.3871520056924,1,1,53.08,2.6,27,2022,6.08333333333333,38.3858811175876,37.8543193256996,38.9174429094757,53.8238210460034,27,623011,514620,0.816514266467282,0.815827646065679,41.2291228541006
"115",115,115,115,"Georgia","01","1301",45.2,-0.6,0,37.9140133841653,1,1,42.26,2.6,1,NA,7,30.7587542720466,30.2602232241087,31.2572853199845,42.4216454999986,NA,NA,NA,NA,0,42.4216454999986
"116",116,116,116,"Georgia","02","1302",45.2,-0.6,1,39.1739585216707,1,1,59.65,2.6,2,2022,1.91666666666667,62.4909255044791,62.0024978447928,62.9793531641654,55.4284855711205,NA,NA,NA,NA,0,55.4284855711205
"117",117,117,117,"Georgia","03","1303",45.2,-0.6,0,42.1714688947147,1,1,34.47,2.6,3,NA,7,28.2023350295784,27.709040266398,28.6956297927588,32.9943055774872,NA,NA,NA,NA,0,32.9943055774872
"118",118,118,118,"Georgia","04","1304",45.2,-0.6,1,44.9927317599374,1,1,78.85,2.6,4,NA,1,72.8680899946778,72.3824988230198,73.3536811663359,78.7362477841521,4,198425,145781,0.261788911786669,0.259569997774316,77.213050079799
"119",119,119,119,"Georgia","05","1305",45.2,-0.6,1,39.3987261292136,1,1,100,2.6,5,NA,1,79.8088174629966,79.2264791642737,80.3911557617195,83.855656381809,NA,NA,NA,NA,0,83.855656381809
"120",120,120,120,"Georgia","06","1306",45.2,-0.6,1,54.9406338685219,1,1,50.51,2.6,6,2022,6.75,37.9979346982386,37.1916599735637,38.8042094229136,38.3743728411711,NA,NA,NA,NA,0,38.3743728411711
"121",121,121,121,"Georgia","07","1307",45.2,-0.6,1,47.9029080803393,1,1,49.93,2.6,7,NA,3.08333333333333,54.1130469617049,53.56385287176,54.6622410516497,60.7188587962768,NA,NA,NA,NA,0,60.7188587962768
"122",122,122,122,"Georgia","08","1308",45.2,-0.6,0,31.6746054768713,1,1,0,2.6,8,NA,7,16.890426006744,16.2354793241029,17.5453726893851,34.8489990826321,8,24450,18647,0.0318654794549113,0.0315592436071672,34.282240100093
"123",123,123,123,"Georgia","09","1309",45.2,-0.6,0,43.8573897709978,1,1,20.49,2.6,9,NA,7,23.6145633980372,23.0876850082982,24.1414417877761,28.3460664551925,NA,NA,NA,NA,0,28.3460664551925
"124",124,124,124,"Georgia","10","1310",45.2,-0.6,0,45.5734294405007,1,1,37.11,2.6,10,NA,7,29.0686953376806,28.5755900133647,29.5618006619965,36.3157877942662,NA,NA,NA,NA,0,36.3157877942662
"125",125,125,125,"Georgia","11","1311",45.2,-0.6,0,44.8026406493968,1,1,38.21,2.6,11,NA,7,29.4296787993898,28.9360553437611,29.9233022550185,38.3396958521536,NA,NA,NA,NA,0,38.3396958521536
"126",126,126,126,"Georgia","12","1312",45.2,-0.6,0,39.2306797459284,1,1,40.52,2.6,12,2022,7,30.1877440689792,29.6918955714221,30.6835925665364,43.7922541119476,12,648846,497138,0.846542442848085,0.845561947008018,32.2887981119251
"127",127,127,127,"Georgia","13","1313",45.2,-0.6,1,44.4371308811943,1,1,76.18,2.6,13,NA,1,71.9918846830745,71.5103631999179,72.4734061662311,80.2902596905296,NA,NA,NA,NA,0,80.2902596905296
"128",128,128,128,"Georgia","14","1314",45.2,-0.6,0,34.6499100824027,1,1,23.5,2.6,14,NA,7,24.602345415987,24.0870825492137,25.1176082827604,29.1764856382984,NA,NA,NA,NA,0,29.1764856382984
"129",129,129,129,"Hawaii","01","1501",45.2,-0.6,1,35.1878509351504,1,1,76.01,2.6,1,NA,1,71.9360963299012,71.4547633085203,72.4174293512822,66.2787650961834,1,730890,588720,1,1,71.9360963299012
"130",130,130,130,"Hawaii","02","1502",45.2,-0.6,1,36.6943208846629,1,1,77.36,2.6,2,NA,1,72.3791214874535,71.896057716268,72.862185258639,65.4336719727935,2,720946,564399,0.995258020295949,0.995088022426545,72.3450055951999
"131",131,131,131,"Idaho","01","1601",45.2,-0.6,0,40.988204173339,1,1,32.89,2.6,1,NA,7,27.6838315118505,27.1894568145582,28.1782062091429,30.9301877441334,1,919703,692469,1,1,27.6838315118505
"132",132,132,132,"Idaho","02","1602",45.2,-0.6,0,43.8857590259441,1,1,39.33,2.6,2,NA,7,29.7972255967665,29.3027150177072,30.2917361758258,38.8310659955763,2,884215,657114,0.961727338283647,0.960789904244726,30.1514433438417
"133",133,133,133,"Illinois","01","1701",45.2,-0.6,1,44.2935354325193,1,1,78.81,2.6,1,NA,1,72.854963323343,72.3694483826739,73.3404782640121,73.5932275911536,1,516161,403633,0.68013914785118,0.680412597055383,73.0909032833794
"134",134,134,134,"Illinois","02","1702",45.2,-0.6,1,43.0982848700343,1,1,81.06,2.6,2,NA,1,73.5933385859301,73.102827726265,74.0838494455951,71.7693092801891,2,578405,444352,0.772040470374671,0.769747258648466,73.1733508379777
"135",135,135,135,"Illinois","03","1703",45.2,-0.6,1,42.0553902190205,1,1,73.8,2.6,3,NA,1,71.210847738649,70.7311857002254,71.6905097770726,71.7623089016714,NA,NA,NA,NA,0,71.7623089016714
"136",136,136,136,"Illinois","04","1704",45.2,-0.6,1,35.2259649625582,1,1,86.59,2.6,4,NA,1,75.4081008979775,74.8994298558919,75.9167719400631,75.1871910490484,4,356767,264752,0.472927437100665,0.469287804635943,75.2908613470748
"137",137,137,137,"Illinois","05","1705",45.2,-0.6,1,41.9482793446325,1,1,76.67,2.6,5,NA,1,72.1526864069268,71.6705740919704,72.6347987218832,68.7758998985209,5,439631,367005,0.582877909212163,0.592706418906916,70.7773429373313
"138",138,138,138,"Illinois","06","1706",45.2,-0.6,1,53.4292409537086,1,1,53.58,2.6,6,2022,2.25,59.0166395841542,58.5022130960375,59.531066072271,54.0331653944839,6,176918,139319,0.233944869207842,0.234138168055675,55.1999869118061
"139",139,139,139,"Illinois","07","1707",45.2,-0.6,1,41.0243798233118,1,1,87.62,2.6,7,NA,1,75.7461126848507,75.2331863004906,76.2590390692108,87.5255255781765,7,631509,508827,0.846659596746407,0.845678509637199,77.5639292381475
"140",140,140,140,"Illinois","08","1708",45.2,-0.6,1,38.8440161312505,1,1,65.97,2.6,8,2022,1,68.6413018248459,68.1558705387003,69.1267331109916,56.9624594136535,8,502471,391316,0.668001861207126,0.668745909161598,64.7726374998814
"141",141,141,141,"Illinois","09","1709",45.2,-0.6,1,49.8081750123597,1,1,73.49,2.6,9,NA,1,71.1091160358037,70.6295722024328,71.5886598691745,71.3793501833516,9,533459,433533,0.707011147381075,0.713188458248339,71.1866223082958
"142",142,142,142,"Illinois","10","1710",45.2,-0.6,1,46.0044126315926,1,1,65.59,2.6,10,NA,1,68.5165984471645,68.0304292413997,69.0027676529294,60.2325646422536,10,599441,456893,0.795088403432679,0.793287252864403,66.8041830619872
"143",143,143,143,"Illinois","11","1711",45.2,-0.6,1,43.0384457675768,1,1,63.84,2.6,11,2022,1.66666666666667,64.9776794857503,64.5001095172785,65.4552494542222,55.0338498206424,11,337729,256618,0.448188687558225,0.446872719863893,59.4774760289525
"144",144,144,144,"Illinois","12","1712",45.2,-0.6,0,42.3072149273618,1,1,46.81,2.6,12,NA,7,32.2519131363894,31.7423969586243,32.7614293141545,30.6537982001118,12,403531,315479,0.533306989419262,0.533095522544429,31.5057461171528
"145",145,145,145,"Illinois","13","1713",45.2,-0.6,0,44.4810647637146,1,1,49.62,2.6,13,2022,2.83333333333333,51.7029811133717,51.0018536872191,52.4041085395244,56.7101465363481,13,424088,340303,0.562519564721425,0.570879529208878,53.8516582970084
"146",146,146,146,"Illinois","14","1714",45.2,-0.6,1,50.097797602307,1,1,52.5,2.6,14,2022,2.25,58.6622194581124,58.1425323145375,59.1819066016873,55.1582952829888,14,249758,181606,0.331750897923618,0.32199074484495,56.2865264380171
"147",147,147,147,"Illinois","15","1715",45.2,-0.6,0,44.6680353988731,1,1,29.07,2.6,15,NA,7,26.4302343993693,25.9302953988713,26.9301733998673,31.0233029652428,15,236099,183258,0.313666539569846,0.309990476561007,29.5994954516303
"148",148,148,148,"Illinois","16","1716",45.2,-0.6,0,45.2510502062419,1,1,40.88,2.6,16,NA,7,30.3058841109932,29.8095510745839,30.8022171474025,37.988034817446,16,355972,277523,0.469683255530428,0.474280733835203,34.3445387429569
"149",149,149,149,"Illinois","17","1717",45.2,-0.6,1,41.6613910621036,1,1,62.09,2.6,17,2022,4,54.0271927980534,53.4750229511027,54.5793626450042,54.2737432620686,17,538319,417716,0.716628304953653,0.710308343975364,54.0986164102676
"150",150,150,150,"Illinois","18","1718",45.2,-0.6,0,50.1886669600656,1,1,32.77,2.6,18,NA,7,27.6444514978459,27.1499653377082,28.1389376579835,27.6444514978459,NA,NA,NA,NA,0,27.6444514978459
"151",151,151,151,"Indiana","01","1801",45.2,-0.6,1,35.948976473162,1,1,65.09,2.6,1,2022,3.5,57.2351634660544,56.7160145678572,57.7543123642516,57.4822976171491,1,726991,559836,0.963293683656798,0.963273059511581,57.2442399473143
"152",152,152,152,"Indiana","02","1802",45.2,-0.6,0,35.5073623161277,1,1,45.16,2.6,2,NA,7,31.7104379438255,31.2055559181535,32.2153199694976,40.3423331593529,2,695520,526156,0.923183517765628,0.922001797896146,32.3837102513855
"153",153,153,153,"Indiana","03","1803",45.2,-0.6,0,36.4307881138804,1,1,35.27,2.6,3,NA,7,28.464868456276,27.9718448141677,28.9578920983843,35.0525394037435,3,718669,535981,0.952856305669653,0.950811500259886,28.7889061069635
"154",154,154,154,"Indiana","04","1804",45.2,-0.6,0,35.0381005280873,1,1,35.94,2.6,4,NA,7,28.6847402011353,28.1918006616579,29.1776797406127,35.3658533727212,4,71686,55855,0.0952200051537765,0.0973383778621631,34.7155246542855
"155",155,155,155,"Indiana","05","1805",45.2,-0.6,0,42.0815748479677,1,1,43.24,2.6,5,NA,3.41666666666667,47.0152283312591,46.3704244546305,47.6600322078877,41.3779017183193,5,36298,25468,0.0480935105957299,0.0440746368359298,41.6263648415102
"156",156,156,156,"Indiana","06","1806",45.2,-0.6,0,34.8785039391112,1,1,33.99,2.6,6,NA,7,28.0448149735598,27.5512684702403,28.5383614768792,33.7916930103296,NA,NA,NA,NA,0,33.7916930103296
"157",157,157,157,"Indiana","07","1807",45.2,-0.6,1,31.7596102511138,1,1,64.86,2.6,7,NA,1,68.2770366953029,67.7893340673217,68.7647393232842,71.2288434038278,7,224990,165691,0.298103052843433,0.290019429031524,70.37276210761
"158",158,158,158,"Indiana","08","1808",45.2,-0.6,0,37.2036366739767,1,1,35.57,2.6,8,NA,7,28.5633184912876,28.0703486266312,29.056288355944,35.0193513448648,NA,NA,NA,NA,0,35.0193513448648
"159",159,159,159,"Indiana","09","1809",45.2,-0.6,0,37.6786106691928,1,1,43.52,2.6,9,NA,7,31.1722444190954,30.6712393185219,31.6732495196689,37.8362823236509,9,28788,22153,0.0381763714411885,0.037846250568044,37.5840734753201
"160",160,160,160,"Iowa","02","1902",45.2,-0.6,0,49.7814376284786,1,1,56.26,2.6,2,2022,5.83333333333333,40.5411866476531,39.9913171452121,41.0910561500942,48.4096922952355,NA,NA,NA,NA,0,48.4096922952355
"161",161,161,161,"Iowa","04","1904",45.2,-0.6,0,51.4771755329847,1,1,48.29,2.6,4,NA,7,32.73759997578,32.2233173430148,33.2518826085453,37.1167382929592,4,642784,495644,0.805852227494687,0.807873294464538,33.5789493937438
"162",162,162,162,"Kansas","01","2001",45.2,-0.6,0,42.5869301024348,1,1,31.85,2.6,1,NA,7,27.3425380571436,26.8470599007473,27.8380162135399,38.302540238563,1,602775,459714,0.820515089228591,0.812570149871057,29.3967696234199
"163",163,163,163,"Iowa","01","1901",45.2,-0.6,0,52.8703283826118,1,1,52.61,2.6,1,2022,5.83333333333333,39.3433778883452,38.8096908304451,39.8770649462453,49.6177322516725,1,56793,44256,0.0712062930048747,0.0715650984311176,48.8824470703448
"164",164,164,164,"Iowa","03","1903",45.2,-0.6,1,51.8681067093714,1,1,51.12,2.6,3,2022,4.66666666666667,47.462576093949,46.8361273162968,48.0890248716011,50.0707978393604,3,691815,520801,0.867424152185879,0.866617966646588,47.8104660137886
"165",165,165,165,"Kansas","02","2002",45.2,-0.6,0,43.3085603865355,1,1,49.55,2.6,2,NA,6.33333333333333,36.1157172133419,35.6001346586257,36.6312997680581,44.9530529324251,2,526327,402416,0.716193469815416,0.724889712703619,38.5469591819535
"166",166,166,166,"Kansas","03","2003",45.2,-0.6,1,51.0817496704751,1,1,54.96,2.6,3,2022,3.75,52.7990987915532,52.243320418388,53.3548771647183,52.426528123766,3,679294,514118,0.925293438980901,0.92449474651461,52.7709677488407
"167",167,167,167,"Kansas","04","2004",45.2,-0.6,0,43.9203574250761,1,1,40.56,2.6,4,NA,7,30.2008707403141,29.704970229804,30.6967712508243,41.2800652829625,4,731794,550489,0.996701243230875,0.996693915609752,30.2374994924481
"168",168,168,168,"Kentucky","01","2101",45.2,-0.6,0,44.4834686605717,1,1,31.41,2.6,1,NA,7,27.1981446724599,26.7021064031948,27.694182941725,36.6757107281488,1,652831,504276,0.86997618606585,0.867677600188582,28.4522389573199
"169",169,169,169,"Kentucky","02","2102",45.2,-0.6,0,42.3601007192483,1,1,31.77,2.6,2,NA,7,27.3162847144738,26.8207088331746,27.811860595773,39.748600005852,2,652048,497135,0.867428848133968,0.866082814753904,28.9811853843872
"170",170,170,170,"Kentucky","03","2103",45.2,-0.6,1,47.1262164180762,1,1,62.93,2.6,3,NA,1,67.6436748033949,67.1511941537837,68.1361554530061,66.0060376823801,3,749608,588653,0.999979989941611,0.99997791616978,67.6436386380948
"171",171,171,171,"Kentucky","04","2104",45.2,-0.6,0,42.461487089508,1,1,35.72,2.6,4,NA,7,28.6125435087934,28.1195907309531,29.1054962866337,40.7822343616161,4,708185,536749,0.941636450426086,0.940768706302592,29.3333700419036
"172",172,172,172,"Kentucky","05","2105",45.2,-0.6,0,40.1804936230951,1,1,21.05,2.6,5,NA,7,23.7983367967255,23.2737872045239,24.3228863889272,32.3500909699248,5,690203,538312,0.92101484666277,0.920923469082262,24.4745798500034
"173",173,173,173,"Kentucky","06","2106",45.2,-0.6,0,47.8150144112651,1,1,48.37,2.6,6,NA,6.33333333333333,35.7284804089629,35.2168440902591,36.2401167276667,50.5617813134291,6,699583,543882,0.929509179059759,0.92975573231585,36.7704347683358
"174",174,174,174,"Louisiana","01","2201",45.2,-0.6,0,38.3346287098894,1,1,18.69,2.6,1,NA,7,23.0238631879675,22.488999166716,23.558727209219,33.1880389053568,1,760432,589491,0.979599828925062,0.979938792371156,23.2277688274101
"175",175,175,175,"Louisiana","02","2202",45.2,-0.6,1,29.3045305195993,1,1,100,2.6,2,NA,1,79.8088174629966,79.2264791642737,80.3911557617195,78.6917715738271,2,770550,595776,0.992891077703343,0.992953380310798,79.8009460654402
"176",176,176,176,"Louisiana","03","2203",45.2,-0.6,0,31.9182529298668,1,1,24.21,2.6,3,NA,7,24.8353438321812,24.3224903451625,25.3481973191999,32.6891359644768,3,776275,586488,1,1,24.8353438321812
"177",177,177,177,"Louisiana","04","2204",45.2,-0.6,0,32.5297095559046,1,1,34.36,2.6,4,NA,7,28.1662366834074,27.6728901251354,28.6595832416794,39.0401182173819,4,729205,555563,0.939294091581834,0.939887835288744,28.8198892412284
"178",178,178,178,"Louisiana","05","2205",45.2,-0.6,0,30.1840935382466,1,1,31.05,2.6,5,NA,7,27.080004630446,26.5834670268206,27.5765422340714,37.1267994884334,5,691348,531368,0.890594465635334,0.889484071517889,28.1903354924458
"179",179,179,179,"Louisiana","06","2206",45.2,-0.6,0,39.8078806557396,1,1,22.8,2.6,6,NA,7,24.3726286676266,23.8548648300808,24.8903925051724,36.5853707342774,6,765290,585574,0.985516466053775,0.985793240215282,24.5461321604802
"180",180,180,180,"Maine","01","2301",45.2,-0.6,1,55.1134740948815,1,1,64.41,2.6,1,NA,1,68.1293616427855,67.6406383534306,68.6180849321404,59.4249982354357,1,667538,546214,0.977473269275261,0.978001790510296,67.9378812330761
"181",181,181,181,"Maine","02","2302",45.2,-0.6,1,49.7343636849785,1,1,49.59,2.6,2,2022,4,49.9251080059029,49.3342507973716,50.5159652144341,46.951044462385,2,641021,520129,0.943459069788663,0.942971618154954,49.7555019745117
"182",182,182,182,"Michigan","07","2607",45.2,-0.6,0,46.6801943824241,1,1,46.2,2.6,7,2022,3.75,46.5042884647838,45.8831069528629,47.1254699767048,51.0565344737646,7,103413,81539,0.13335370783735,0.133382734952136,50.4493434509118
"183",183,183,183,"Michigan","08","2608",45.2,-0.6,1,51.8628487567607,1,1,51.97,2.6,8,2022,3.75,51.8178801092707,51.2506068759682,52.3851533425733,52.6718380816468,NA,NA,NA,NA,0,52.6718380816468
"184",184,184,184,"Michigan","10","2610",45.2,-0.6,0,46.9138635113736,1,1,36.72,2.6,10,2022,5.5,35.6111212458199,35.097209741881,36.1250327497588,50.3986927479421,10,172612,139906,0.222662528475861,0.225555885160059,47.0632689684133
"185",185,185,185,"Michigan","12","2612",45.2,-0.6,1,46.1678290400721,1,1,70.21,2.6,12,NA,1,70.0327289863434,69.5526781535371,70.5127798191497,75.3892054173934,12,109976,79260,0.141861683053117,0.132963821627842,74.6769878406615
"186",186,186,186,"Maryland","01","2401",45.2,-0.6,0,49.2465548380748,1,1,38.84,2.6,1,2022,7,29.6364238729142,29.1423459472652,30.1305017985632,34.248656062586,1,650167,512793,0.840878168649767,0.843277777320978,30.3592631531913
"187",187,187,187,"Maryland","02","2402",45.2,-0.6,1,39.8885167661273,1,1,68.25,2.6,2,2022,1,69.3895220909342,68.9076401351674,69.871404046701,50.1204140050871,2,343354,269584,0.446136195016482,0.44511369565361,58.6973579171273
"188",188,188,188,"Maryland","03","2403",45.2,-0.6,1,45.8149381307325,1,1,70.97,2.6,3,NA,1,70.2821357417061,69.8024881404306,70.7617833429817,51.9244485047719,3,306964,237615,0.398426355814397,0.40126485016845,59.2907431233396
"189",189,189,189,"Maryland","04","2404",45.2,-0.6,1,45.5870355499132,1,1,79.72,2.6,4,NA,1,73.1535950962115,72.6662325282069,73.6409576642161,85.8269349764172,4,519658,399791,0.666723974237253,0.659309869421384,77.471276914866
"190",190,190,190,"Maryland","05","2405",45.2,-0.6,1,47.4135137158465,1,1,72.19,2.6,5,NA,1,70.68249921742,70.2031386814484,71.1618597533916,57.7574016782911,5,571847,440699,0.745571009867117,0.745254844928467,67.3898932404999
"191",191,191,191,"Maryland","06","2406",45.2,-0.6,1,43.6018967747992,1,1,60.82,2.6,6,2022,2.25,61.3925670957678,60.9059548811156,61.87917931042,46.0304944104575,6,638192,492558,0.818692384859517,0.819091140389825,58.6134320450197
"192",192,192,192,"Maryland","07","2407",45.2,-0.6,1,43.1407575745104,1,1,78.24,2.6,7,NA,1,72.6679082568209,72.1834295235686,73.1523869900732,75.4272452802496,7,422310,340567,0.54960443213008,0.556584794251226,73.8914402507947
"193",193,193,193,"Maryland","08","2408",45.2,-0.6,1,52.7263241249026,1,1,69.28,2.6,8,NA,1,69.7275338778074,69.2467559584921,70.2083117971227,72.8267490593042,8,536397,418409,0.696946230635402,0.699285353763258,70.6595132747227
"194",194,194,194,"Massachusetts","01","2501",45.2,-0.6,1,33.8676164282526,1,1,100,2.6,1,NA,1,79.8088174629966,79.2264791642737,80.3911557617195,50.6657259505489,1,712241,569550,0.913562843913138,0.912746235552792,77.265973020906
"195",195,195,195,"Massachusetts","02","2502",45.2,-0.6,1,40.6697999534551,1,1,67.2,2.6,2,NA,1,69.0449469683935,68.5616184969434,69.5282754398437,53.6377700380239,2,687170,553905,0.878830664241848,0.883271727586724,67.2464938225458
"196",196,196,196,"Massachusetts","03","2503",45.2,-0.6,1,45.4695749251103,1,1,64.95,2.6,3,NA,1,68.3065717058064,67.819066328714,68.7940770828988,51.4728012019634,3,754480,589753,0.96451340319263,0.962862040816326,67.6813998239274
"197",197,197,197,"Massachusetts","04","2504",45.2,-0.6,1,38.9601673628288,1,1,100,2.6,4,NA,1,79.8088174629966,79.2264791642737,80.3911557617195,52.5206234026226,4,696989,550173,0.889831503851742,0.891075205773647,76.8364565401616
"198",198,198,198,"Massachusetts","05","2505",45.2,-0.6,1,47.0127022140246,1,1,75.94,2.6,5,NA,1,71.9131246550652,71.4318667576306,72.3943825524998,62.756671321249,5,740397,599993,0.949038332126308,0.95166138224084,71.4705143573322
"199",199,199,199,"Massachusetts","06","2506",45.2,-0.6,1,51.4199874788159,1,1,67.5,2.6,6,NA,1,69.1433970034051,68.6605147404527,69.6262792663575,50.0927754030653,6,752652,602277,0.963308247581017,0.965056042045555,68.4776928831968
"200",200,200,200,"Massachusetts","07","2507",45.2,-0.6,1,33.6273939390119,1,1,100,2.6,7,NA,1,79.8088174629966,79.2264791642737,80.3911557617195,76.9467437143448,7,773559,648082,0.992052642108557,0.992287776040813,79.7867445092593
"201",201,201,201,"Massachusetts","08","2508",45.2,-0.6,1,40.874937452907,1,1,100,2.6,8,NA,1,79.8088174629966,79.2264791642737,80.3911557617195,54.8943384921582,8,732839,596200,0.936347595434526,0.934509124081871,78.1771464121526
"202",202,202,202,"Massachusetts","09","2509",45.2,-0.6,1,50.7543989834556,1,1,59.4,2.6,9,2022,1,66.4852460580916,65.981397821077,66.9890942951061,46.9731455272972,9,718806,589314,0.922771784061908,0.925081627527314,65.023431242801
"203",203,203,203,"Michigan","01","2601",45.2,-0.6,0,51.2292199723926,1,1,43.68,2.6,1,NA,7,31.2247511044349,30.7234002642466,31.7261019446232,40.6992041400544,1,671739,548113,0.867290446027635,0.866654439028092,32.4881273593716
"204",204,204,204,"Michigan","03","2603",45.2,-0.6,0,47.6939576391413,1,1,44.24,2.6,3,2022,3.08333333333333,48.8257086598877,48.1522467668912,49.4991705528843,52.8356450153327,3,387090,296399,0.49881639190894,0.495869413921865,50.8472402248943
"205",205,205,205,"Michigan","05","2605",45.2,-0.6,1,46.008882315461,1,1,62.37,2.6,5,NA,1,67.4599014047066,66.9658409220756,67.9539618873375,38.9890677551811,NA,NA,NA,NA,0,38.9890677551811
"206",206,206,206,"Michigan","06","2606",45.2,-0.6,0,44.9995356068798,1,1,47.63,2.6,6,NA,5.41666666666667,39.5619992387231,39.0330708812535,40.0909275961926,63.1096144567531,NA,NA,NA,NA,0,63.1096144567531
"207",207,207,207,"Michigan","02","2602",45.2,-0.6,0,47.0720437475031,1,1,43.72,2.6,2,NA,7,31.2378777757698,30.7364393956306,31.7393161559089,37.3352162629706,2,179577,140182,0.231111963377704,0.230410535156911,35.9303252391018
"208",208,208,208,"Michigan","04","2604",45.2,-0.6,0,45.042483126972,1,1,37.38,2.6,4,2022,7,29.157300369191,28.6641003487177,29.6505003896643,47.4258472208034,NA,NA,NA,NA,0,47.4258472208034
"209",209,209,209,"Michigan","09","2609",45.2,-0.6,1,46.8507320453226,1,1,61.84,2.6,9,NA,1,67.2859730095194,66.7903385059723,67.7816075130664,36.1720405662642,NA,NA,NA,NA,0,36.1720405662642
"210",210,210,210,"Michigan","11","2611",45.2,-0.6,1,55.2268657604833,1,1,53.44,2.6,11,2022,1,64.5293720291942,63.9991977550457,65.0595463033427,59.7042842028943,11,352352,282318,0.452722939245402,0.450945439559913,61.8801355536403
"211",211,211,211,"Michigan","13","2613",45.2,-0.6,1,33.4229633264837,1,1,100,2.6,13,NA,1,79.8088174629966,79.2264791642737,80.3911557617195,76.6015144439778,13,261676,199175,0.337353063271426,0.336023659574755,77.6792441417937
"212",212,212,212,"Michigan","14","2614",45.2,-0.6,1,46.4405324008145,1,1,82.36,2.6,14,NA,1,74.0199554043137,73.5259117943421,74.5139990142854,74.0199554043137,NA,NA,NA,NA,0,74.0199554043137
"213",213,213,213,"Minnesota","01","2701",45.2,-0.6,0,52.3147120371389,1,1,49.77,2.6,1,2022,6.33333333333333,36.1879139056838,35.6715562385039,36.7042715728637,46.3766371222374,1,643026,494666,0.901628333821754,0.900594611718184,37.2007278931212
"214",214,214,214,"Minnesota","02","2702",45.2,-0.6,1,57.0730602890434,1,1,52.76,2.6,2,2022,4,50.9653967091922,50.387761315601,51.5430321027835,52.261782767906,2,661801,496726,0.915688439485511,0.917013428642108,51.0729793433611
"215",215,215,215,"Minnesota","03","2703",45.2,-0.6,1,62.4378459372625,1,1,55.72,2.6,3,2022,1,65.2775922952825,64.7584876810067,65.7966969095582,58.0835463215347,3,671188,515984,0.944151697168338,0.942620749625954,64.8648033301524
"216",216,216,216,"Minnesota","04","2704",45.2,-0.6,1,54.0260259414762,1,1,68.93,2.6,4,NA,1,69.6126755036272,69.1315575593872,70.0937934478671,68.4792406956402,4,703942,542960,1,1,69.6126755036272
"217",217,217,217,"Minnesota","05","2705",45.2,-0.6,1,55.6536001583248,1,1,78.24,2.6,5,NA,1,72.6679082568209,72.1834295235686,73.1523869900732,81.5993665557252,5,714223,572519,1,1,72.6679082568209
"218",218,218,218,"Minnesota","06","2706",45.2,-0.6,0,52.8759918484354,1,1,38.8,2.6,6,NA,7,29.6232972015793,29.1292515389193,30.1173428642393,40.2726023092274,6,647327,479788,0.907023146130705,0.907991203733493,30.6031269456088
"219",219,219,219,"Minnesota","07","2707",45.2,-0.6,0,52.5377867575921,1,1,52.13,2.6,7,NA,4.33333333333333,45.8562687859811,45.2621724045117,46.4503651674505,34.6718786537929,7,621057,474283,0.869702269840625,0.869701470642168,44.3989591999927
"220",220,220,220,"Minnesota","08","2708",45.2,-0.6,0,53.4895708700109,1,1,47.11,2.6,8,2022,7,32.350363171401,31.83992687706,32.860799465742,45.8291552686446,8,615740,487454,0.862702351296141,0.868173066819123,34.1272309965633
"221",221,221,221,"Mississippi","01","2801",45.2,-0.6,0,33.5456312554101,1,1,32.62,2.6,1,NA,7,27.5952264803401,27.1005951644877,28.0898577961925,27.5952264803401,NA,NA,NA,NA,0,27.5952264803401
"222",222,222,222,"Mississippi","02","2802",45.2,-0.6,1,24.6627029058423,1,1,100,2.6,2,NA,1,79.8088174629966,79.2264791642737,80.3911557617195,79.8088174629966,NA,NA,NA,NA,0,79.8088174629966
"223",223,223,223,"Mississippi","03","2803",45.2,-0.6,0,37.3905451792034,1,1,37.08,2.6,3,NA,7,29.0588503341794,28.5657542259579,29.5519464424009,29.0588503341794,NA,NA,NA,NA,0,29.0588503341794
"224",224,224,224,"Mississippi","04","2804",45.2,-0.6,0,32.1622700244669,1,1,31.07,2.6,4,NA,7,27.0865679661134,26.5900590707001,27.5830768615267,27.0865679661134,NA,NA,NA,NA,0,27.0865679661134
"225",225,225,225,"Missouri","01","2901",45.2,-0.6,1,38.4182055535423,1,1,82.73,2.6,1,NA,1,74.1413771141614,73.6462432784444,74.6365109498784,80.1486902607227,1,692678,547997,0.898299699519776,0.897309856871745,74.758268960998
"226",226,226,226,"Missouri","02","2902",45.2,-0.6,0,51.4103421194557,1,1,47.99,2.6,2,2022,7,32.6391499407684,32.125879283739,33.1524205977978,45.3429318430303,2,547172,429044,0.719436833053713,0.723856120933999,36.1472215540675
"227",227,227,227,"Missouri","03","2903",45.2,-0.6,0,42.3728622912802,1,1,33.54,2.6,3,NA,7,27.8971399210424,27.4032968488806,28.3909829932041,37.5147853075611,3,455520,354190,0.584859293269342,0.582352032041775,31.9139299732647
"228",228,228,228,"Missouri","04","2904",45.2,-0.6,0,38.9801079506384,1,1,33.54,2.6,4,NA,7,27.8971399210424,27.4032968488806,28.3909829932041,30.9285153612583,4,585613,450316,0.763340897922367,0.766422264430965,28.6052017320276
"229",229,229,229,"Missouri","05","2905",45.2,-0.6,1,37.6158389574293,1,1,63.39,2.6,5,NA,1,67.794631523746,67.3033840053166,68.2858790421754,63.5112716185213,5,650646,508036,0.846525146758816,0.851268182419877,67.1575596196921
"230",230,230,230,"Missouri","06","2906",45.2,-0.6,0,41.4096668386266,1,1,32.83,2.6,6,NA,7,27.6641415048482,27.1697115943105,28.1585714153859,32.8186111035773,6,637789,488663,0.827986638781029,0.829597851404668,28.542474199341
"231",231,231,231,"Missouri","07","2907",45.2,-0.6,0,37.4933067557965,1,1,31.24,2.6,7,NA,7,27.1423563192867,26.6460868506583,27.638625787915,29.1595809941484,7,760594,589065,0.987644606153155,0.989130836319429,27.1642818644582
"232",232,232,232,"Missouri","08","2908",45.2,-0.6,0,35.7014537237619,1,1,25.42,2.6,8,NA,7,25.2324256400614,24.7233777049968,25.741473575126,26.0517131065342,8,641759,498529,0.835376783164351,0.837799094523785,25.3653148089686
"233",233,233,233,"Montana","00","3000",45.2,-0.6,0,52.3775177568718,1,1,47.61,2.6,1,2022,6.08333333333333,36.5908088125426,36.0788105006238,37.1028071244613,48.5020428672873,NA,NA,NA,NA,0,48.5020428672873
"234",234,234,234,"Nebraska","01","3101",45.2,-0.6,0,44.6536048659544,1,1,39.64,2.6,1,2022,7,29.8989572996118,29.4041373103897,30.393777288834,43.4738926098919,1,583030,443053,0.897350259494801,0.899819245298347,31.2589045640218
"235",235,235,235,"Nebraska","02","3102",45.2,-0.6,0,45.1827265972457,1,1,49,2.6,2,2022,4.33333333333333,44.8291067540266,44.2432273812405,45.4149861268127,51.2530461139874,NA,NA,NA,NA,0,51.2530461139874
"236",236,236,236,"Nebraska","03","3103",45.2,-0.6,0,45.1431274889769,1,1,23.28,2.6,3,NA,7,24.5301487236452,24.0141131829734,25.046184264317,24.0898359940764,NA,NA,NA,NA,0,24.0898359940764
"237",237,237,237,"Nevada","01","3201",45.2,-0.6,1,27.3538054671179,1,1,68.19,2.6,1,2022,3.41666666666667,58.6230588808219,58.1102338703154,59.1358838913283,55.2478737547175,1,397629,304605,0.515817152523376,0.508683889714601,56.9647760531711
"238",238,238,238,"Nevada","02","3202",45.2,-0.6,0,45.4471662533031,1,1,41.77,2.6,2,2022,7,30.5979525481943,30.1002635767391,31.0956415196495,43.6726558027876,2,758820,596222,0.976242978774865,0.97593321602488,30.9126186069614
"239",239,239,239,"Nevada","03","3203",45.2,-0.6,1,36.5831137780515,1,1,54.78,2.6,3,2022,3.75,52.7400287705462,52.1836167644235,53.2964407766688,54.1452360660601,3,506708,398992,0.655090608447652,0.649449665827845,53.2326246575697
"240",240,240,240,"Nevada","04","3204",45.2,-0.6,1,35.2950724634646,1,1,54.28,2.6,4,2022,3.16666666666667,55.1699940830591,54.6378991388357,55.7020890272825,55.4553282541775,4,653540,490637,0.834701001196736,0.832664954848389,55.2177404894665
"241",241,241,241,"New Hampshire","01","3301",45.2,-0.6,1,50.109185860145,1,1,54.34,2.6,1,2022,3.41666666666667,54.077948931119,53.5360191502336,54.6198787120045,48.8757835300712,1,688764,560816,1,1,54.077948931119
"242",242,242,242,"New Hampshire","02","3302",45.2,-0.6,1,49.1082229210376,1,1,56.84,2.6,2,2022,2.58333333333333,58.6041497526906,58.0988962663758,59.1094032390053,51.3783333080193,2,679792,552328,0.986972334540809,0.986539588185702,58.5068872876508
"243",243,243,243,"New Jersey","01","3401",45.2,-0.6,1,38.6197278976463,1,1,65.94,2.6,1,2022,1,68.6314568213448,68.1459687861239,69.1169448565656,60.9871539645704,1,739308,578567,0.955494323703964,0.954496336709291,68.2836130380579
"244",244,244,244,"New Jersey","02","3402",45.2,-0.6,0,40.2529856897232,1,1,53.91,2.6,2,2022,7,34.5818972983309,34.044560449407,35.1192341472549,45.0790673691022,2,695890,550545,0.896725018845799,0.895824383957512,35.6754464571563
"245",245,245,245,"New Jersey","03","3403",45.2,-0.6,1,43.0877006571575,1,1,50.66,2.6,3,2022,1.66666666666667,60.6524412809068,60.1217474746387,61.1831350871749,53.7988860610096,3,432394,341443,0.556002180834375,0.556177615611409,57.6106800616732
"246",246,246,246,"New Jersey","04","3404",45.2,-0.6,0,44.0635705946039,1,1,43.74,2.6,4,NA,7,31.2444411114372,30.742958795724,31.7459234271505,36.2422102064521,4,495211,362203,0.639598425837549,0.613769192837498,33.1747335030166
"247",247,247,247,"New Jersey","05","3405",45.2,-0.6,1,45.6406948789165,1,1,56.93,2.6,5,2022,1.66666666666667,62.7100470126495,62.2100961874781,63.2099978378209,53.5449648954512,5,603513,475031,0.780647347731774,0.778105379715216,60.6763645963749
"248",248,248,248,"New Jersey","07","3407",45.2,-0.6,1,46.9374597072063,1,1,52.55,2.6,7,2022,4.66666666666667,47.931854594171,47.3104698406083,48.5532393477337,45.8369948229378,7,558980,438572,0.722623981632542,0.720224390660461,47.3457639251934
"249",249,249,249,"New Jersey","09","3409",45.2,-0.6,1,33.4384658920294,1,1,70.88,2.6,9,NA,1,70.2526007312026,69.7729143615202,70.7322871008851,62.1040232145395,9,640771,496598,0.832780114265514,0.828779422956248,68.8573965867138
"250",250,250,250,"New Jersey","10","3410",45.2,-0.6,1,31.2685754859998,1,1,89.67,2.6,10,NA,1,76.4188545907634,75.8966956955462,76.9410134859805,82.8452360626772,10,623858,480474,0.813009549823808,0.809562963986399,77.6426756305674
"251",251,251,251,"New Jersey","06","3406",45.2,-0.6,1,34.8107732023566,1,1,63.63,2.6,6,NA,1,67.8733915517553,67.3827641191711,68.3640189843395,59.7992321196774,6,693219,547249,0.895639883048038,0.895104517648598,67.0264487035454
"252",252,252,252,"New Jersey","08","3408",45.2,-0.6,1,26.650255113862,1,1,80.67,2.6,8,NA,1,73.465353540415,72.9758110709792,73.9548960098507,78.3276186436715,8,732679,579977,0.934847181853212,0.934735169354943,73.7826884489304
"253",253,253,253,"New Jersey","11","3411",45.2,-0.6,1,45.9033307922424,1,1,57.4,2.6,11,2022,1.33333333333333,64.346598946091,63.8435131945201,64.8496846976619,54.8175887904983,11,596376,472785,0.77243773232997,0.77728857753979,62.2243795397011
"254",254,254,254,"New Jersey","12","3412",45.2,-0.6,1,40.260137610089,1,1,68.68,2.6,12,NA,1,69.5306338077842,69.0492508248083,70.01201679076,65.2041477174548,12,674336,528121,0.871169860656437,0.87389794945791,68.9850550401518
"255",255,255,255,"New Mexico","01","3501",45.2,-0.6,1,41.44565689136,1,1,61.95,2.6,1,2022,1.33333333333333,65.8397578104338,65.3527673102982,66.3267483105693,55.8439898314254,1,526603,426917,0.748531303525866,0.759525266686118,63.4360281714143
"256",256,256,256,"New Mexico","02","3502",45.2,-0.6,0,36.3738131173182,1,1,50.93,2.6,2,2022,4,46.9447821911912,46.3325469544221,47.5570174279602,54.3973165493401,2,516962,395908,0.730478746027642,0.738921073849554,48.890481858516
"257",257,257,257,"New Mexico","03","3503",45.2,-0.6,1,41.2006579903415,1,1,67,2.6,3,2022,1.66666666666667,66.014686521206,65.5428550748076,66.4865179676044,57.3312638169253,3,564750,438491,0.799584881297572,0.810350148675046,64.3678766963474
"258",258,258,258,"New York","01","3601",45.2,-0.6,0,41.5899837156778,1,1,47.93,2.6,1,2022,4.91666666666667,41.8839195916195,41.3330865776759,42.4347526055632,49.2443169162588,1,536079,433080,0.690097783773764,0.693179762889882,44.14223844399
"259",259,259,259,"New York","02","3602",45.2,-0.6,0,37.3425867923589,1,1,46.89,2.6,2,2022,5.83333333333333,37.4662638874571,36.9514650189556,37.9810627559586,49.7220781236821,2,572773,450273,0.737147254936533,0.735794298600387,40.7043198839623
"260",260,260,260,"New York","03","3603",45.2,-0.6,1,41.148908014873,1,1,58.98,2.6,3,2022,3.16666666666667,56.7123779649077,56.1966259162655,57.22813001355,54.766909399536,3,498460,397859,0.641983831270277,0.640352994952616,56.012696021958
"261",261,261,261,"New York","04","3604",45.2,-0.6,1,42.7650850427725,1,1,61.33,2.6,4,2022,1.91666666666667,63.0422457005441,62.5590682279101,63.5254231731781,58.1440898583574,4,657403,515045,0.845894522298239,0.844642075243654,62.2812783737688
"262",262,262,262,"New York","05","3605",45.2,-0.6,1,23.6284799230363,1,1,100,2.6,5,NA,1,79.8088174629966,79.2264791642737,80.3911557617195,85.0937943942531,5,670719,530799,0.865556672547003,0.863058334593453,80.532551005598
"263",263,263,263,"New York","06","3606",45.2,-0.6,1,18.6474066951639,1,1,100,2.6,6,NA,1,79.8088174629966,79.2264791642737,80.3911557617195,70.4336808968094,6,626394,513558,0.806700416876479,0.808224546162744,78.0108963932298
"264",264,264,264,"New York","07","3607",45.2,-0.6,1,23.7549289485422,1,1,100,2.6,7,NA,1,79.8088174629966,79.2264791642737,80.3911557617195,86.6126762810769,7,377066,291646,0.483643028742864,0.461948335205017,83.4696450270947
"265",265,265,265,"New York","08","3608",45.2,-0.6,1,24.5512488591141,1,1,100,2.6,8,NA,1,79.8088174629966,79.2264791642737,80.3911557617195,81.0421291239573,8,576611,457736,0.741330100307789,0.748579250432971,80.1188976052451
"266",266,266,266,"New York","09","3609",45.2,-0.6,1,30.0632238304439,1,1,89.67,2.6,9,NA,1,76.4188545907634,75.8966956955462,76.9410134859805,80.8272746531791,9,557672,443210,0.715303413157523,0.735602385342723,77.5844303396734
"267",267,267,267,"New York","10","3610",45.2,-0.6,1,30.9352370756948,1,1,82.15,2.6,10,NA,1,73.9510403798056,73.4575989445992,74.444481815012,88.0626149500905,10,219397,172909,0.28266143422363,0.272809746800293,84.2128398646177
"268",268,268,268,"New York","11","3611",45.2,-0.6,0,29.6054221982521,1,1,53.24,2.6,11,2022,6.08333333333333,38.4383878029272,37.9061434055994,38.970632200255,48.5743549407512,11,670654,528495,0.866472438808535,0.866379564724166,39.7927601438248
"269",269,269,269,"New York","12","3612",45.2,-0.6,1,33.3257657253782,1,1,87.72,2.6,12,NA,1,75.7789293631879,75.2655759567741,76.2922827696017,86.2770406409277,12,472797,416596,0.607466957211082,0.609644058693804,79.8769294729472
"270",270,270,270,"New York","13","3613",45.2,-0.6,1,26.8674876153063,1,1,94.6,2.6,13,NA,1,78.0367168327875,77.4884836696265,78.5849499959486,92.9306046983943,13,683446,556921,0.880173601720563,0.881591902767356,79.8002737553504
"271",271,271,271,"New York","14","3614",45.2,-0.6,1,22.5665372986322,1,1,85.17,2.6,14,NA,1,74.9421040655892,74.4388634456849,75.4453446854935,83.2953955211552,14,447239,354198,0.57626614164706,0.577790972903049,78.468939124101
"272",272,272,272,"New York","15","3615",45.2,-0.6,1,23.133049057859,1,1,95.99,2.6,15,NA,1,78.4928686616747,77.9363737174492,79.0493636059002,90.0809651058756,15,494283,364448,0.634215722880668,0.619910733725234,82.8973797366722
"273",273,273,273,"New York","16","3616",45.2,-0.6,1,28.3740367344604,1,1,100,2.6,16,NA,1,79.8088174629966,79.2264791642737,80.3911557617195,72.8581021821943,16,579624,447681,0.748313266389009,0.743699384515711,78.0273448584709
"274",274,274,274,"New York","17","3617",45.2,-0.6,1,35.5970597222366,1,1,100,2.6,17,2022,2.58333333333333,72.767828123028,72.1700572466071,73.3655989994489,54.8844959420758,17,568862,420008,0.731632721305066,0.717066366642708,67.7080319725358
"275",275,275,275,"New York","18","3618",45.2,-0.6,1,40.8098136751161,1,1,55.47,2.6,18,2022,2.83333333333333,57.0428261005284,56.5262487705487,57.5594034305082,51.4514771424296,18,552201,421598,0.71095240670215,0.696883843326016,55.3479978937264
"276",276,276,276,"New York","19","3619",45.2,-0.6,1,43.9378294127243,1,1,52.67,2.6,19,2022,3.75,52.0475968576312,51.4831970644402,52.6119966508221,49.728601712572,19,332726,272221,0.427940105928443,0.428258810721691,50.7217318154644
"277",277,277,277,"New York","20","3620",45.2,-0.6,1,42.1767194713779,1,1,66.5,2.6,20,2022,1,68.8152302200331,68.3307587317952,69.299701708271,55.1784534388401,20,683710,549880,0.878874666104497,0.87985586415901,67.1768514580002
"278",278,278,278,"New York","21","3621",45.2,-0.6,0,35.0767770541783,1,1,43.06,2.6,21,NA,7,31.0212876987442,30.5212370937822,31.5213383037062,40.5110084967006,21,532236,426526,0.686792462568988,0.687719988455393,33.9847378190852
"279",279,279,279,"New York","22","3622",45.2,-0.6,0,35.1089663392849,1,1,50.89,2.6,22,2022,3.75,48.0433906787987,47.4136359751342,48.6731453824632,50.8581514026928,22,300141,237322,0.386452449408169,0.385821676843741,49.7721557002861
"280",280,280,280,"New York","23","3623",45.2,-0.6,0,38.9756387651693,1,1,45.76,2.6,23,NA,7,31.9073380138488,31.4008549887393,32.4138210389582,38.4222194415276,23,446785,352834,0.575616637786095,0.571498451530976,34.6989747937012
"281",281,281,281,"New York","24","3624",45.2,-0.6,0,42.4355986966693,1,1,47.37,2.6,24,NA,4.58333333333333,43.1824597381877,42.6150589946741,43.7498604817014,38.1176023721955,24,240750,191106,0.309970425666968,0.309237012776864,39.6838437341958
"282",282,282,282,"New York","25","3625",45.2,-0.6,1,42.7107883153647,1,1,58.98,2.6,25,2022,1,66.3474160090753,65.8419972096538,66.8528348084969,57.1676539559035,25,733041,584249,0.94344535208621,0.943720713110028,65.8307855469032
"283",283,283,283,"New York","26","3626",45.2,-0.6,1,36.6533938683603,1,1,73.34,2.6,26,NA,1,71.0598910182979,70.5803940881534,71.5393879484424,59.7232295634184,26,694863,553343,0.891778364143185,0.890061139698017,69.813551378319
"284",284,284,284,"New York","27","3627",45.2,-0.6,0,42.9407125316636,1,1,49.81,2.6,27,NA,6.66666666666667,34.7187270317621,34.2023836196929,35.2350704438312,34.7187270317621,NA,NA,NA,NA,0,34.7187270317621
"285",285,285,285,"North Carolina","01","3701",45.2,-0.6,1,43.3406757281981,1,1,69.85,2.6,1,2022,2.83333333333333,61.7618644454184,61.2746474808986,62.2490814099382,54.3703784133656,1,391754,311045,0.525421842035732,0.529078074502466,58.281051610916
"286",286,286,286,"North Carolina","02","3702",45.2,-0.6,1,45.9962504008614,1,1,47.19,2.6,2,NA,1.58333333333333,59.88428092892,59.3317687960618,60.4367930617782,63.1815101714988,2,208595,154070,0.279540021012908,0.268261341950941,62.2969910301647
"287",287,287,287,"North Carolina","03","3703",45.2,-0.6,0,34.2750960299218,1,1,0,2.6,3,NA,7,16.890426006744,16.2354793241029,17.5453726893851,36.7374224870002,3,591322,467469,0.792814123981701,0.798899752367378,20.8816619136873
"288",288,288,288,"North Carolina","04","3704",45.2,-0.6,1,47.4193312161748,1,1,75.07,2.6,4,NA,1,71.6276195535315,71.1471744311192,72.1080646759438,67.7384118391856,4,186859,150989,0.250806340121847,0.254954670485074,68.7299835104447
"289",289,289,289,"North Carolina","05","3705",45.2,-0.6,0,45.1265792468065,1,1,42.97,2.6,5,NA,7,30.9917526882407,30.4918819554458,31.4916234210357,38.9502762260217,5,619868,494591,0.82966774100288,0.829341377610394,32.3499433514537
"290",290,290,290,"North Carolina","06","3706",45.2,-0.6,1,48.0127061180935,1,1,43.48,2.6,6,2022,1.66666666666667,58.2962037762955,57.7202277680074,58.8721797845837,55.8441178864856,6,301024,233802,0.403370352900819,0.399537920745889,56.8238191843906
"291",291,291,291,"North Carolina","07","3707",45.2,-0.6,0,42.0133235786846,1,1,43.52,2.6,7,2022,7,31.1722444190954,30.6712393185219,31.6732495196689,43.3347774928134,7,480195,393371,0.643036201627828,0.661382279902685,35.290693639126
"292",292,292,292,"North Carolina","08","3708",45.2,-0.6,0,39.1964122773127,1,1,44.66,2.6,8,NA,4.91666666666667,40.8108142099929,40.2662722032735,41.3553562167124,31.911056970701,8,227850,176733,0.305474407049843,0.309988827050815,34.6698822783461
"293",293,293,293,"North Carolina","09","3709",45.2,-0.6,0,39.77325416608,1,1,49.84,2.6,9,2022,7,33.2462584900067,32.7263836493276,33.7661333306858,45.7916477543723,9,43797,34471,0.0590075542926894,0.060670328722616,45.0305148637501
"294",294,294,294,"North Carolina","10","3710",45.2,-0.6,0,43.3180923749022,1,1,40.71,2.6,10,NA,7,30.2500957578199,29.7539961340726,30.7461953815673,29.7529367844575,10,419654,330653,0.56356174611829,0.565337669287731,30.0339994797237
"295",295,295,295,"North Carolina","11","3711",45.2,-0.6,0,44.6022605158293,1,1,39.56,2.6,11,NA,5.16666666666667,38.0254284558531,37.4976030396799,38.5532538720262,43.4600061098753,11,585338,476428,0.785245901639344,0.781507380742651,39.2128435620379
"296",296,296,296,"North Carolina","12","3712",45.2,-0.6,1,40.2054944046801,1,1,73.07,2.6,12,NA,1,70.9712859867874,70.491856558381,71.4507154151938,64.0751690639077,12,535828,407783,0.716692525814563,0.720305586222124,69.0424806066989
"297",297,297,297,"North Carolina","13","3713",45.2,-0.6,0,48.3595897567341,1,1,46.91,2.6,13,2022,4.33333333333333,44.143238176779,43.561565884472,44.724910469086,49.7862360552317,NA,NA,NA,NA,0,49.7862360552317
"298",298,298,298,"North Dakota","00","3800",45.2,-0.6,0,48.141856891325,1,1,37.14,2.6,1,NA,7,29.0785403411817,28.5854255395891,29.5716551427743,29.0785403411817,NA,NA,NA,NA,0,29.0785403411817
"299",299,299,299,"Ohio","01","3901",45.2,-0.6,0,45.8567008732599,1,1,47.75,2.6,1,2022,4,45.9012118200681,45.2958033505192,46.506620289617,52.6667470082872,1,546030,417469,0.694677864021099,0.687567526615368,48.0149847126941
"300",300,300,300,"Ohio","02","3902",45.2,-0.6,0,44.0322648462806,1,1,41.72,2.6,2,NA,7,30.5815442090257,30.0839373589243,31.0791510591271,28.6892456155031,2,430053,331597,0.547066051992856,0.544293159341787,29.7192107953895
"301",301,301,301,"Ohio","03","3903",45.2,-0.6,1,35.7653080612964,1,1,73.63,2.6,3,NA,1,71.1550593854758,70.6754657186692,71.6346530522823,70.876754253085,3,537881,413104,0.683804983473176,0.670902193119218,71.0634697767623
"302",302,302,302,"Ohio","04","3904",45.2,-0.6,0,40.6995564051482,1,1,34.74,2.6,4,NA,7,28.2909400610888,27.7977575589955,28.7841225631821,31.8148441503451,4,369376,283204,0.469893802697931,0.472053085220047,30.1513743529922
"303",303,303,303,"Ohio","05","3905",45.2,-0.6,0,42.503884474078,1,1,36.08,2.6,5,NA,7,28.7306835508074,28.2377451153312,29.2236219862835,37.7102080267613,5,295400,229545,0.376182095566043,0.375526984381467,34.3381542791267
"304",304,304,304,"Ohio","06","3906",45.2,-0.6,0,39.4446210932037,1,1,30.75,2.6,6,NA,7,26.9815545954344,26.4845727369978,27.4785364538709,38.3958478870732,6,428478,343313,0.545162373849184,0.546568830358337,32.1571509532951
"305",305,305,305,"Ohio","07","3907",45.2,-0.6,0,36.6875231495384,1,1,41.26,2.6,7,2022,7,30.4305874886745,29.9337029859707,30.9274719913784,45.3735511806092,7,71148,54676,0.0907501157526987,0.0879001453320129,44.0600625003972
"306",306,306,306,"Ohio","08","3908",45.2,-0.6,0,40.4585604565344,1,1,33.42,2.6,8,NA,7,27.8577599070377,27.3638278647899,28.3516919492855,37.7787095189535,8,500478,383803,0.63558007962562,0.635000181994461,31.4789047098291
"307",307,307,307,"Ohio","09","3909",45.2,-0.6,1,36.4468861526661,1,1,67.8,2.6,9,2022,3.41666666666667,58.4950738353067,57.9821389253187,59.0080087452948,50.0271382482912,9,314638,245760,0.399249815689663,0.399821043640949,53.4127970921761
"308",308,308,308,"Ohio","10","3910",45.2,-0.6,0,42.8970142979096,1,1,42.99,2.6,10,2022,7,30.9983160239082,30.4984055144398,31.4982265333765,47.2609909050038,10,705275,553191,0.89664619804976,0.898027132808556,32.6566676097358
"309",309,309,309,"Ohio","11","3911",45.2,-0.6,1,40.3300059102389,1,1,82.25,2.6,11,NA,1,73.9838570581428,73.4901303766352,74.4775837396504,80.1244332933054,11,560468,441095,0.711824712205728,0.708096081267428,75.7763153244629
"310",310,310,310,"Ohio","12","3912",45.2,-0.6,0,48.0160588588792,1,1,47.86,2.6,12,NA,6.33333333333333,35.5611153494432,35.0510730530839,36.0711576458024,35.5924421161944,12,286335,219417,0.363280313324275,0.362846053734759,35.5810753225024
"311",311,311,311,"Ohio","13","3913",45.2,-0.6,1,38.4493337949749,1,1,60.99,2.6,13,2022,4,53.6662093363442,53.1121450214027,54.2202736512856,52.208742235465,13,224922,181109,0.285821029236288,0.291346740086901,52.6333705240901
"312",312,312,312,"Ohio","14","3914",45.2,-0.6,0,46.6959825865187,1,1,44.75,2.6,14,NA,7,31.575889562643,31.0720456303654,32.0797334949205,44.0445895529493,14,484217,383492,0.615202150717965,0.609074203779674,36.4502260341858
"313",313,313,313,"Ohio","15","3915",45.2,-0.6,0,41.7755315052961,1,1,40.5,2.6,15,2022,7,30.1811807333118,29.6853580709925,30.6770033956311,46.4288131075343,15,231822,180706,0.294280730884358,0.301137016959434,41.5360495617074
"314",314,314,314,"Ohio","16","3916",45.2,-0.6,0,45.5368785687474,1,1,43.27,2.6,16,NA,7,31.0902027232524,30.5897236550857,31.590681791419,31.0902027232524,NA,NA,NA,NA,0,31.0902027232524
"315",315,315,315,"Oklahoma","01","4001",45.2,-0.6,0,22.7134972385406,1,1,40.7,2.6,1,NA,7,30.2468140899862,29.7507279400264,30.742900239946,40.5165235844341,1,758223,571875,0.959485674587055,0.958380117645087,30.6742381909643
"316",316,316,316,"Oklahoma","02","4002",45.2,-0.6,0,31.5877577173075,1,1,31.64,2.6,2,NA,7,27.2736230326355,26.7778844465453,27.7693616187257,28.3761447072399,2,722103,555653,0.911134187641635,0.911220256153758,27.3715046244918
"317",317,317,317,"Oklahoma","03","4003",45.2,-0.6,0,35.7623803649859,1,1,26.13,2.6,3,NA,7,25.4654240562555,24.9584298836147,25.9724182288963,30.4059851376176,3,597770,455456,0.747029477777944,0.757180191383105,26.6650901524919
"318",318,318,318,"Oklahoma","04","4004",45.2,-0.6,0,33.1334634095966,1,1,34.35,2.6,4,NA,7,28.1629550155737,27.6696035747739,28.6563064563735,36.7884605271538,4,763110,584210,0.961614069044775,0.962499093862649,28.4864192881507
"319",319,319,319,"Oklahoma","05","4005",45.2,-0.6,0,35.5139279736041,1,1,50.7,2.6,5,NA,3.66666666666667,48.3516173762721,47.7161670960416,48.9870676565026,42.3692908017208,5,613508,470949,0.783721292669779,0.790567558039986,47.0987241131616
"320",320,320,320,"Oregon","01","4101",45.2,-0.6,1,51.8491091588526,1,1,66.5,2.6,1,NA,1,68.8152302200331,68.3307587317952,69.299701708271,66.9578683895822,1,575913,451174,0.815499377662986,0.798522506641464,68.441013614174
"321",321,321,321,"Oregon","02","4102",45.2,-0.6,0,52.4190703970508,1,1,41.17,2.6,2,NA,7,30.4010524781711,29.9043022924692,30.8978026638729,35.4031158884363,2,649114,511380,0.919152828695188,0.915229666484711,30.8250790617239
"322",322,322,322,"Oregon","04","4104",45.2,-0.6,1,53.180253826308,1,1,57.79,2.6,4,2022,2.25,60.3982217421505,59.9016158900618,60.8948275942393,54.9982629731483,4,644540,530094,0.912677284879242,0.912022627914299,59.9231475602826
"323",323,323,323,"Pennsylvania","01","4201",45.2,-0.6,0,45.3864217595084,1,1,48.74,2.6,1,2022,6.66666666666667,34.367588573554,33.8550497455156,34.8801274015923,53.9948829591257,1,713873,569370,0.932610192342614,0.934407504537711,35.6549917914766
"324",324,324,324,"Pennsylvania","02","4202",45.2,-0.6,1,41.1612883029282,1,1,79.02,2.6,2,NA,1,72.9238783478511,72.4379580676049,73.4097986280973,75.7638213934052,2,733054,562838,0.958409653991227,0.949791677565134,73.0664671239789
"325",325,325,325,"Oregon","03","4103",45.2,-0.6,1,50.8639179687767,1,1,78.55,2.6,3,NA,1,72.7696399596662,72.2846092982114,73.2546706211211,73.5999874660501,3,679374,542099,0.962001333882746,0.963214416437752,72.800184777248
"326",326,326,326,"Oregon","05","4105",45.2,-0.6,1,51.8876043783211,1,1,56.81,2.6,5,2022,3.75,53.4062073407914,52.8564943086046,53.9559203729783,50.9220861255127,5,325288,255858,0.460611518686395,0.458963637439929,52.0622074343187
"327",327,327,327,"Pennsylvania","03","4203",45.2,-0.6,1,44.6377497608693,1,1,93.38,2.6,3,NA,1,77.6363533570737,77.095054176097,78.1776525380503,92.1103696228239,3,720265,593624,0.941690287423647,0.943211014276294,78.458318060154
"328",328,328,328,"Pennsylvania","04","4204",45.2,-0.6,1,49.1594336649122,1,1,63.52,2.6,4,NA,1,67.8372932055844,67.3463835553996,68.3282028557692,60.755044449976,4,624234,492647,0.814671643349342,0.812592162516123,66.510024281773
"329",329,329,329,"Pennsylvania","05","4205",45.2,-0.6,1,46.6150250519842,1,1,65.19,2.6,5,NA,1,68.3853317338157,67.8983411053506,68.8723223622808,67.1982055431384,5,686413,534205,0.89706199464439,0.898274931436133,68.2645712406751
"330",330,330,330,"Pennsylvania","06","4206",45.2,-0.6,1,49.804702299652,1,1,58.88,2.6,6,2022,1.33333333333333,64.8322857854816,64.3350321103572,65.329539460606,58.0260837676513,6,752942,578641,0.986174161556415,0.985914317065026,64.7364157818671
"331",331,331,331,"Pennsylvania","07","4207",45.2,-0.6,1,45.2642684994831,1,1,55.17,2.6,7,2022,4.33333333333333,50.2739651118623,49.6839646270149,50.8639655967098,52.3477619203146,7,695579,550325,0.90593656429205,0.904315804349326,50.472394691422
"332",332,332,332,"Pennsylvania","08","4208",45.2,-0.6,1,43.7493285412988,1,1,54.64,2.6,8,2022,4,51.5823502619317,51.0115091016717,52.1531914221917,50.6286090768549,8,703907,566419,0.924473413937753,0.924181782286131,51.5100393051189
"333",333,333,333,"Pennsylvania","09","4209",45.2,-0.6,0,37.9786845859657,1,1,40.25,2.6,9,NA,7,30.0991390374688,29.6036296757551,30.5946483991824,33.9957645217354,9,500393,400208,0.65623332017526,0.657573860564924,31.4334454588705
"334",334,334,334,"Pennsylvania","10","4210",45.2,-0.6,0,40.9639681363454,1,1,48.68,2.6,10,2022,7,32.8655850212951,32.3499524219543,33.381217620636,49.2758433787087,10,735826,577849,0.961713195315768,0.961554397764884,33.4964872866797
"335",335,335,335,"Pennsylvania","11","4211",45.2,-0.6,0,42.3438247838274,1,1,41.02,2.6,11,NA,7,30.3518274606653,29.8552960262286,30.8483588951019,40.6018892019425,11,739843,572059,0.969011254703649,0.968178641000168,30.6779983551049
"336",336,336,336,"Pennsylvania","12","4212",45.2,-0.6,0,41.6796303689402,1,1,33.96,2.6,12,2022,1.33333333333333,53.23430023942,52.3841503063493,54.0844501724907,62.7173601994821,NA,NA,NA,NA,0,62.7173601994821
"337",337,337,337,"Pennsylvania","13","4213",45.2,-0.6,0,39.7991757897036,1,1,29.51,2.6,13,NA,7,26.574627784053,26.0755398450627,27.0737157230434,29.6769755345973,13,562463,446872,0.734312742502337,0.733593256231993,27.4011141463115
"338",338,338,338,"Pennsylvania","14","4214",45.2,-0.6,0,36.9493955123475,1,1,42.09,2.6,14,NA,7,30.7029659188733,30.2047346762274,31.2011971615193,38.1043561640654,14,578357,471061,0.756335631889293,0.754384391550067,32.5208628873216
"339",339,339,339,"Pennsylvania","15","4215",45.2,-0.6,0,33.8369880093379,1,1,32.16,2.6,15,NA,7,27.4442697599889,26.9491529861507,27.9393865338272,34.2938016793563,15,455674,369610,0.594457156722824,0.593096454194327,30.2313685850887
"340",340,340,340,"Pennsylvania","16","4216",45.2,-0.6,0,40.3343832688391,1,1,47.83,2.6,16,NA,6.66666666666667,34.0689568006854,33.5594227628752,34.5784908384957,42.4663147024045,16,688028,548756,0.899361845080769,0.899206412930734,34.9153566255041
"341",341,341,341,"Pennsylvania","17","4217",45.2,-0.6,1,44.2368459251572,1,1,56.26,2.6,17,2022,4,52.1139804509944,51.5483412700187,52.6796196319701,55.0673127873205,17,716180,575500,0.935939539910533,0.934518735030244,52.3073683882531
"342",342,342,342,"Pennsylvania","18","4218",45.2,-0.6,1,35.9108331343888,1,1,100,2.6,18,NA,1,79.8088174629966,79.2264791642737,80.3911557617195,79.8088174629966,NA,NA,NA,NA,0,79.8088174629966
"343",343,343,343,"Rhode Island","01","4401",45.2,-0.6,1,41.3334964403218,1,1,66.85,2.6,1,NA,1,68.9300885942133,68.4462064025356,69.4139707858911,64.2635688244102,1,546903,439942,0.997950827150537,0.998132791850533,68.9213752304695
"344",344,344,344,"Rhode Island","02","4402",45.2,-0.6,1,45.7584497340271,1,1,63.64,2.6,2,2022,3.16666666666667,58.2416351754215,57.7363956324294,58.7468747184136,54.1190129375182,2,541949,441510,0.986522327173966,0.988096117306621,58.1925599639123
"345",345,345,345,"South Carolina","01","4501",45.2,-0.6,0,35.1266071272467,1,1,50.69,2.6,1,2022,7,33.5252002558729,33.0020048640287,34.0483956477171,44.9235608302925,1,671287,522544,0.923287147450974,0.920775888804308,34.4282252414693
"346",346,346,346,"South Carolina","02","4502",45.2,-0.6,0,42.2025632756583,1,1,43.02,2.6,2,NA,6.66666666666667,32.4904745726659,31.9931500079557,32.9877991373761,43.6963062535419,2,711407,548105,0.970540285756772,0.97092391930121,32.8162962389161
"347",347,347,347,"South Carolina","03","4503",45.2,-0.6,0,37.1250183270708,1,1,31.36,2.6,3,NA,7,27.1817363332913,26.6856309189579,27.6778417476248,31.5518672752514,3,694955,549165,0.949981272537886,0.95081158291131,27.3966961567966
"348",348,348,348,"South Carolina","04","4504",45.2,-0.6,0,34.6326822289438,1,1,38.03,2.6,4,NA,7,29.3706087783828,28.8770940951958,29.8641234615699,39.989530806684,4,714454,553308,0.976861454489272,0.978346895256686,29.6005414093227
"349",349,349,349,"South Carolina","05","4505",45.2,-0.6,0,39.6001952788947,1,1,42.11,2.6,5,NA,7,30.7095292545408,30.2112631624084,31.2077953466732,40.7746967837053,5,695368,535360,0.950781073745667,0.95119814792112,31.2007280714482
"350",350,350,350,"South Carolina","06","4506",45.2,-0.6,1,36.8119925943572,1,1,71.3,2.6,6,NA,1,70.3904307802189,69.9109046615711,70.8699568988667,67.0794381114156,6,568750,455396,0.77636042234007,0.775127614631896,69.6458799608488
"351",351,351,351,"South Carolina","07","4507",45.2,-0.6,0,37.5402891566155,1,1,40.36,2.6,7,NA,7,30.1352373836397,29.6395923698739,30.6308823974055,41.164122264241,7,728299,586549,0.995639032165897,0.995889434096813,30.1805723417801
"352",352,352,352,"South Dakota","00","4600",45.2,-0.6,0,47.217681410557,1,1,37.39,2.6,1,NA,7,29.1605820370247,28.6673781031575,29.653785970892,29.1605820370247,NA,NA,NA,NA,0,29.1605820370247
"353",353,353,353,"Tennessee","01","4701",45.2,-0.6,0,30.0663309727428,1,1,21.43,2.6,1,NA,7,23.9230401744069,23.4000278418569,24.4460525069569,21.4177731972505,1,728569,584810,0.945589311764431,0.945350677398132,23.7861290311685
"354",354,354,354,"Tennessee","02","4702",45.2,-0.6,0,36.8451231373344,1,1,33.39,2.6,2,NA,7,27.8479149035366,27.3539599689959,28.3418698380772,33.283529898379,2,730164,579977,0.954044960703483,0.954658506756123,28.0943738041015
"355",355,355,355,"Tennessee","03","4703",45.2,-0.6,0,35.01912682827,1,1,35.12,2.6,3,NA,7,28.4156434387702,27.9225831081643,28.9087037693761,32.7788920457704,3,689651,545914,0.89805557219463,0.899297416171783,28.85503384738
"356",356,356,356,"Tennessee","04","4704",45.2,-0.6,0,31.8788208853611,1,1,34.64,2.6,4,NA,7,28.2581233827516,27.7649017673053,28.7513449981979,29.6466096074326,4,635963,485897,0.827692075428479,0.826591611208645,28.4988985418325
"357",357,357,357,"Tennessee","05","4705",45.2,-0.6,1,37.5580463514015,1,1,67.85,2.6,5,2022,6.75,43.6883467219099,42.8982006437593,44.4784928000604,42.2055773828873,5,334429,260843,0.44214649856685,0.454496033398558,42.8794901659181
"358",358,358,358,"Tennessee","06","4706",45.2,-0.6,0,34.6307344994844,1,1,28.94,2.6,6,NA,7,26.387572717531,25.8873719373761,26.8877734976858,32.970963985246,6,563468,439751,0.714509616945301,0.710622550801923,28.2926576896552
"359",359,359,359,"Tennessee","07","4707",45.2,-0.6,0,36.0790088571166,1,1,32.44,2.6,7,NA,7,27.5361564593331,27.0413424176795,28.0309705009867,41.3930614838284,7,412116,311261,0.543680764527164,0.527119665906851,34.0888143368135
"360",360,360,360,"Tennessee","08","4708",45.2,-0.6,0,38.3409447020594,1,1,30.79,2.6,8,NA,7,26.9946812667692,26.4977601178387,27.4916024156997,29.8819191063312,8,626599,485542,0.824472368421053,0.821429417317719,27.5102570101222
"361",361,361,361,"Tennessee","09","4709",45.2,-0.6,1,29.5522267540693,1,1,80.61,2.6,9,NA,1,73.4456635334126,72.9562662670551,73.9350607997702,78.5318140896482,9,686019,519533,0.88436078342398,0.881870771278131,74.0464865757841
"362",362,362,362,"Texas","01","4801",45.2,-0.6,0,37.3135020291982,1,1,26.7,2.6,1,NA,7,25.6524791227776,25.1470364231147,26.1579218224404,25.9078514698909,1,555174,422805,0.73096819639107,0.729535125285996,25.721548372645
"363",363,363,363,"Texas","02","4802",45.2,-0.6,0,40.1232653843871,1,1,46.3,2.6,2,NA,6.33333333333333,35.0491751673828,34.5435824231348,35.5547679116307,35.0621167249585,2,263340,193268,0.342401098429589,0.345458867858426,35.0576459491301
"364",364,364,364,"Texas","03","4803",45.2,-0.6,0,39.3187436491003,1,1,44.92,2.6,3,NA,5.5,38.3020888694707,37.7820559188594,38.822121820082,38.3847935235363,3,560426,409852,0.730428957218972,0.732341515886828,38.324225471807
"365",365,365,365,"Texas","04","4804",45.2,-0.6,0,34.2121840504195,1,1,23.33,2.6,4,NA,7,24.5465570628138,24.0306982079784,25.0624159176492,32.9530359681866,4,426913,323327,0.553523108140522,0.55670399526161,28.2731155754831
"366",366,366,366,"Texas","05","4805",45.2,-0.6,0,31.2211229865854,1,1,37.59,2.6,5,NA,7,29.2262153936991,28.7329271023098,29.7195036850885,36.3282836894954,5,477221,354836,0.623948799748967,0.620245066335716,31.9232608682485
"367",367,367,367,"Texas","06","4806",45.2,-0.6,0,38.2649450508863,1,1,46.11,2.6,6,NA,6.08333333333333,36.0985586374845,35.5905813201623,36.6065359548067,34.9605430706515,6,358697,262534,0.466246560314248,0.457350012978348,35.4810145049121
"368",368,368,368,"Texas","07","4807",45.2,-0.6,1,42.1623511663726,1,1,52.53,2.6,7,NA,1.91666666666667,60.1543780068701,59.6355786768075,60.6731773369327,64.0749882968263,7,262258,203220,0.34036229796269,0.339916333948312,62.7423088202244
"369",369,369,369,"Texas","08","4808",45.2,-0.6,0,34.8780050050508,1,1,25.3,2.6,8,NA,7,25.1930456260567,24.6836373949771,25.7024538571363,34.5100061220373,8,312883,236406,0.414768908537757,0.424836871454167,30.5518177734628
"370",370,370,370,"Texas","09","4809",45.2,-0.6,1,25.2316990619195,1,1,100,2.6,9,NA,1,79.8088174629966,79.2264791642737,80.3911557617195,76.7361228557743,9,505594,375097,0.660529867252302,0.664254129264073,78.7771729365891
"371",371,371,371,"Texas","10","4810",45.2,-0.6,0,42.9479431801526,1,1,47.82,2.6,10,NA,4.83333333333333,42.2183996317628,41.6636434930465,42.773155770479,36.5472275738901,10,286076,217658,0.369815555015487,0.365275822197012,38.6187696101502
"372",372,372,372,"Texas","11","4811",45.2,-0.6,0,30.6678441651844,1,1,18.7,2.6,11,NA,7,23.0271448558012,22.4923272661538,23.5619624454486,27.5153871729407,11,570685,427190,0.742566978517429,0.750698084726135,24.1460722616773
"373",373,373,373,"Texas","12","4812",45.2,-0.6,0,37.9911683395851,1,1,34.53,2.6,12,NA,7,28.2220250365807,27.72875704701,28.7152930261513,37.7629478282795,12,718405,546030,0.939423064349509,0.943109118293239,28.7648165464966
"374",374,374,374,"Texas","13","4813",45.2,-0.6,0,33.7839587868593,1,1,17.19,2.6,13,NA,7,22.5316130129094,21.9895300686112,23.0736959572076,24.1589754655648,13,627197,474895,0.821044873615822,0.814558608872247,22.8333933699989
"375",375,375,375,"Texas","14","4814",45.2,-0.6,0,35.9832642210293,1,1,39.89,2.6,14,NA,7,29.9809989954548,29.4859093758666,30.4760886150431,34.6615989947675,14,682954,521442,0.889538685165455,0.88995729777887,30.4960648673954
"376",376,376,376,"Texas","15","4815",45.2,-0.6,1,29.8806077854882,1,1,60.63,2.6,15,2022,5.5,46.8776583406758,46.207337113702,47.5479795676495,51.8465346559775,15,527747,380908,0.687579718660713,0.690053224830525,48.4177455308195
"377",377,377,377,"Texas","16","4816",45.2,-0.6,1,27.1111575460908,1,1,71.7,2.6,16,NA,1,70.5216974935677,70.0422750575061,71.0011199296294,69.3516870574044,16,702516,528403,0.937633134199273,0.939737287653302,70.4511894912106
"378",378,378,378,"Texas","17","4817",45.2,-0.6,0,34.0564142697255,1,1,42.11,2.6,17,NA,7,30.7095292545408,30.2112631624084,31.2077953466732,36.0349278391218,17,419644,318248,0.546777400499814,0.538559038795109,33.166886296209
"379",379,379,379,"Texas","18","4818",45.2,-0.6,1,30.2497323312663,1,1,78.33,2.6,18,NA,1,72.6974432673244,72.2128071572854,73.1820793773634,74.5169423998346,18,613019,463449,0.797191838985244,0.802157669453902,73.0574172161268
"380",380,380,380,"Texas","19","4819",45.2,-0.6,0,30.8226922774074,1,1,24.77,2.6,19,NA,7,25.0191172308695,24.508072463497,25.5301619982421,25.2143095305505,19,711048,537319,0.924610935419441,0.926071977015338,25.0335474116868
"381",381,381,381,"Texas","20","4820",45.2,-0.6,1,19.6072657498451,1,1,100,2.6,20,NA,1,79.8088174629966,79.2264791642737,80.3911557617195,65.4870077126384,20,637239,480804,0.830808163116305,0.836617365582043,77.4688824563503
"382",382,382,382,"Texas","21","4821",45.2,-0.6,0,40.4744522751256,1,1,48.67,2.6,21,NA,4.33333333333333,44.7208117155138,44.1356656705269,45.3059577605007,36.189265960539,21,602530,478527,0.79078820268369,0.79768193539891,42.9947258903117
"383",383,383,383,"Texas","22","4822",45.2,-0.6,0,40.2806032011684,1,1,47.49,2.6,22,NA,4.33333333333333,44.3335749111348,43.7508396560277,44.9163101662419,38.272055588665,22,583279,418525,0.764430738744784,0.755228539978707,42.8498879766266
"384",384,384,384,"Texas","23","4823",45.2,-0.6,0,33.5419456893738,1,1,49.77,2.6,23,2022,7,33.2232868151707,32.7036775034072,33.7428961269341,44.8680573415531,23,635454,467793,0.807434269711463,0.804666724004472,35.4978979903051
"385",385,385,385,"Texas","24","4824",45.2,-0.6,0,40.2181495562176,1,1,48.44,2.6,24,NA,3.08333333333333,50.2040091500503,49.5262285583457,50.8817897417549,38.196976328004,24,374811,289053,0.487802687781604,0.496362961970801,44.1568227040355
"386",386,386,386,"Texas","25","4825",45.2,-0.6,0,42.5779997730215,1,1,45.55,2.6,25,NA,6.08333333333333,35.9147852387961,35.4081542198324,36.4214162577599,31.4047238034226,25,170313,128496,0.222656112117033,0.219770371295215,32.3959016796388
"387",387,387,387,"Texas","26","4826",45.2,-0.6,0,37.4988500693375,1,1,39.66,2.6,26,NA,7,29.9055206352793,29.4106797357968,30.4003615347617,36.1902201331746,26,580403,425593,0.752018999913189,0.742495110721869,31.5238614836311
"388",388,388,388,"Texas","27","4827",45.2,-0.6,0,32.0619157510042,1,1,37.77,2.6,27,NA,7,29.2852854147061,28.7919112875312,29.778659541881,37.1675147502766,27,661872,503865,0.865505549068094,0.863407913608658,30.3619355650667
"389",389,389,389,"Texas","28","4828",45.2,-0.6,1,21.5583129437071,1,1,100,2.6,28,2022,3.16666666666667,70.173779418829,69.5532169550395,70.7943418826185,56.0754625180798,28,477112,339964,0.6216929010737,0.614715311467644,64.7419137828934
"390",390,390,390,"Texas","29","4829",45.2,-0.6,1,22.5028752738775,1,1,75.84,2.6,29,NA,1,71.880307976728,71.3991548898452,72.3614610636107,71.6794075126988,29,649769,463804,0.848880777380912,0.848530087065974,71.8498776009331
"391",391,391,391,"Texas","30","4830",45.2,-0.6,1,27.832947611696,1,1,100,2.6,30,NA,1,79.8088174629966,79.2264791642737,80.3911557617195,77.8878580714899,30,655418,489574,0.852311281435755,0.844607148833687,79.5103141061757
"392",392,392,392,"Texas","31","4831",45.2,-0.6,0,36.9109310836991,1,1,48.52,2.6,31,NA,6,37.2600189717252,36.7439759026886,37.7760620407619,35.2929188023105,31,606419,450003,0.792602003139463,0.785977898448839,36.8390160595055
"393",393,393,393,"Texas","32","4832",45.2,-0.6,1,42.763795073268,1,1,53.32,2.6,32,NA,1.66666666666667,61.5253649246764,61.0088199710609,62.041909878292,63.9540567972323,32,288430,228437,0.373638673021145,0.382176143958697,63.0258687025151
"394",394,394,394,"Texas","33","4833",45.2,-0.6,1,24.2235244270253,1,1,77.66,2.6,33,NA,1,72.4775715224651,71.9940506775498,72.9610923673805,76.0254429790718,33,566601,402953,0.743784631016001,0.730691536045609,73.4330433347515
"395",395,395,395,"Texas","34","4834",45.2,-0.6,1,26.4907324464398,1,1,59.99,2.6,34,2022,2.83333333333333,58.5261399613701,58.024934913259,59.0273450094811,61.5380139582268,34,575102,413330,0.75136168316974,0.763299994090533,59.2390505542246
"396",396,396,396,"Texas","36","4836",45.2,-0.6,0,34.7339907240829,1,1,27.44,2.6,36,NA,7,25.8953225424729,25.3917633155336,26.3988817694122,32.3199495221947,36,570515,429633,0.738764088592384,0.738697303514904,27.5740948961851
"397",397,397,397,"Utah","01","4901",45.2,-0.6,0,34.4391032450922,1,1,28.78,2.6,1,NA,7,26.3350660321914,25.8345366122631,26.8355954521197,37.0822515721737,1,727207,508933,0.886763187000118,0.867377703242784,27.7603824621798
"398",398,398,398,"Utah","03","4903",45.2,-0.6,0,38.6859561149052,1,1,28.79,2.6,3,NA,7,26.3383477000252,25.8378390283386,26.8388563717117,35.7285662657752,3,669489,483782,0.819534247179018,0.81720898726843,28.0547952614294
"399",399,399,399,"Utah","04","4904",45.2,-0.6,0,41.5732350366851,1,1,50.13,2.6,4,NA,3.41666666666667,49.2762974686925,48.6228898732993,49.9297050640856,33.5125732017923,4,685066,465239,0.836635997039693,0.841303223519796,46.7746452422126
"400",400,400,400,"Texas","35","4835",45.2,-0.6,1,27.494404851508,1,1,73.23,2.6,35,NA,1,71.023792672127,70.544325869743,71.503259474511,73.2818152519103,35,509268,387826,0.661706694662876,0.66190834600569,71.7872112608824
"401",401,401,401,"Utah","02","4902",45.2,-0.6,0,39.1891733736153,1,1,40.95,2.6,2,NA,7,30.3288557858292,29.832424247206,30.8252873244524,38.5128839239122,2,711632,513185,0.87231291041053,0.866411395364935,31.4221486850898
"402",402,402,402,"Vermont","00","5000",45.2,-0.6,1,44.6792235072594,1,1,72.73,2.6,1,NA,1,70.8597092804409,70.3803338898112,71.3390846710707,70.8597092804409,NA,NA,NA,NA,0,70.8597092804409
"403",403,403,403,"Virginia","01","5101",45.2,-0.6,0,46.911039409568,1,1,44.76,2.6,1,2022,7,31.5791712304767,31.0753025217939,32.0830399391595,44.5761883882688,1,319640,256040,0.406538395010226,0.418098211603026,39.1421587584221
"404",404,404,404,"Virginia","02","5102",45.2,-0.6,1,40.2142943800666,1,1,51.12,2.6,2,2022,4,50.4272031844621,49.8429975818329,51.0114087870913,49.5889438329895,2,505165,395015,0.64036208570697,0.644909814011807,50.1295455154413
"405",405,405,405,"Virginia","03","5103",45.2,-0.6,1,30.4348842814992,1,1,100,2.6,3,NA,1,79.8088174629966,79.2264791642737,80.3911557617195,69.0104553856304,3,633824,496456,0.815835201865872,0.81186855885056,77.7773060433282
"406",406,406,406,"Virginia","04","5104",45.2,-0.6,1,41.9970787164144,1,1,63.53,2.6,4,NA,1,67.8405748734181,67.3496910185309,68.3314587283053,67.4545335674866,4,612534,492963,0.780625255680406,0.785419418363624,67.7577379054557
"407",407,407,407,"Virginia","05","5105",45.2,-0.6,0,44.5956914794908,1,1,46.73,2.6,5,2022,7,32.2256597937196,31.7163849871948,32.7349346002445,45.0121694440602,5,512032,412171,0.649317118328113,0.650052518854742,36.7002666384958
"408",408,408,408,"Virginia","06","5106",45.2,-0.6,0,36.025513717281,1,1,40.25,2.6,6,NA,7,30.0991390374688,29.6036296757551,30.5946483991824,38.0559791074834,6,583681,465299,0.74534289187643,0.747337414011041,32.1095348258592
"409",409,409,409,"Virginia","07","5107",45.2,-0.6,1,51.9335039455517,1,1,50.98,2.6,7,2022,3.08333333333333,54.4576220842455,53.9136583072578,55.0015858612333,52.5053760247528,7,186641,142595,0.238195269557138,0.243690068683361,52.9811190010774
"410",410,410,410,"Virginia","08","5108",45.2,-0.6,1,49.8244368293206,1,1,76.27,2.6,8,NA,1,72.021419693578,71.5397949877192,72.5030443994367,77.6235911466436,8,718850,569433,0.908906997768351,0.91105635774569,72.5196972271467
"411",411,411,411,"Virginia","09","5109",45.2,-0.6,0,31.9884719271898,1,1,34.78,2.6,9,NA,7,28.3040667324237,27.810899063524,28.7972344013234,29.5152762246003,9,631761,515977,0.803173481179942,0.80551049942316,28.5396342616511
"412",412,412,412,"Virginia","10","5110",45.2,-0.6,1,54.1020944930306,1,1,56.2,2.6,10,2022,1.33333333333333,63.9527988060445,63.444580238662,64.461017373427,56.2495677417503,10,577417,419930,0.735979330984659,0.73135602076004,61.8833721599276
"413",413,413,413,"Virginia","11","5111",45.2,-0.6,1,48.7253558780394,1,1,72.53,2.6,11,NA,1,70.7940759237665,70.314716191404,71.2734356561291,69.1336137835201,11,538057,417013,0.692097927913674,0.695683725678938,70.2887702715956
"414",414,414,414,"Washington","01","5301",45.2,-0.6,1,55.1071028215935,1,1,59.27,2.6,1,NA,1,66.4425843762532,65.938254842309,66.9469139101974,64.0084070841848,1,487225,371438,0.629723166083548,0.624127084411526,65.5276430604242
"415",415,415,415,"Washington","02","5302",45.2,-0.6,1,38.6096066913017,1,1,100,2.6,2,NA,1,79.8088174629966,79.2264791642737,80.3911557617195,60.1163768562694,2,544576,440706,0.710996914873755,0.718314404558553,74.2617406049953
"416",416,416,416,"Washington","03","5303",45.2,-0.6,0,48.7336899444957,1,1,47.33,2.6,3,2022,5.75,37.9812356584549,37.4632604344836,38.4992108824262,47.5452313988436,3,750015,578903,0.975621653684654,0.975485760408189,38.2156897414899
"417",417,417,417,"Washington","04","5304",45.2,-0.6,0,35.0172578025314,1,1,37.18,2.6,4,2022,7,29.0916670125166,28.5985391682977,29.5847948567355,39.6673883125192,4,728016,525450,0.94742924368698,0.943342028584816,29.6908659276271
"418",418,418,418,"Washington","05","5305",45.2,-0.6,0,50.8981309655766,1,1,45.24,2.6,5,2022,7,31.7366912864953,31.2316013979788,32.2417811750118,44.5806863308246,5,751208,592477,0.969256872270285,0.971101837707422,32.1078591397714
"419",419,419,419,"Washington","06","5306",45.2,-0.6,1,50.3905122489846,1,1,63.89,2.6,6,2022,1,67.9587149154321,67.468741131145,68.4486886997191,57.3373604439198,6,711277,577083,0.921122528927653,0.924544322880703,67.15727342186
"420",420,420,420,"Washington","07","5307",45.2,-0.6,1,55.5793773349139,1,1,83.56,2.6,7,NA,1,74.4137555443602,73.9160414563371,74.9114696323833,87.4885184600676,7,750434,636646,0.974585813302026,0.974673486540649,74.7448937033227
"421",421,421,421,"Washington","08","5308",45.2,-0.6,1,50.5427561174095,1,1,52.42,2.6,8,2022,3.66666666666667,52.3361335481023,51.7748920636131,52.8973750325914,52.151351913282,8,613551,462410,0.79290848516021,0.791385990854076,52.2975855104459
"422",422,422,422,"Washington","09","5309",45.2,-0.6,1,34.2022937956953,1,1,100,2.6,9,NA,1,79.8088174629966,79.2264791642737,80.3911557617195,72.3342938480991,9,651574,512853,0.84810769158679,0.851390588192327,78.6980329050441
"423",423,423,423,"Washington","10","5310",45.2,-0.6,1,42.5844315067276,1,1,61.54,2.6,10,NA,1,67.1875229745078,66.6909638227344,67.6840821262811,57.9306453908116,10,716927,551759,0.93206903993614,0.932945676139976,66.566809307078
"424",424,424,424,"West Virginia","01","5401",45.2,-0.6,0,35.0200409604171,1,1,35.42,2.6,1,NA,7,28.5140934737818,28.0210999873897,29.0070869601739,28.5140934737818,NA,NA,NA,NA,0,28.5140934737818
"425",425,425,425,"West Virginia","02","5402",45.2,-0.6,0,34.8973344715256,1,1,44.33,2.6,2,NA,7,31.4380595136267,30.9352315761609,31.9408874510925,31.4380595136267,NA,NA,NA,NA,0,31.4380595136267
"426",426,426,426,"West Virginia","03","5403",45.2,-0.6,0,33.7580571317436,1,1,43.63,2.6,3,NA,7,31.2083427652663,30.7071007287237,31.7095848018088,31.2083427652663,NA,NA,NA,NA,0,31.2083427652663
"427",427,427,427,"Wisconsin","01","5501",45.2,-0.6,0,56.307020161206,1,1,43.65,2.6,1,2022,7,31.2149061009337,30.7136206257972,31.7161915760703,48.9243622637604,1,631111,491661,0.857154692605862,0.854903522301067,33.7844858121235
"428",428,428,428,"Wisconsin","02","5502",45.2,-0.6,1,56.6778227895066,1,1,100,2.6,2,NA,1,79.8088174629966,79.2264791642737,80.3911557617195,71.1299185077042,2,736822,584598,1,1,79.8088174629966
"429",429,429,429,"Wisconsin","03","5503",45.2,-0.6,1,52.7352283367967,1,1,59.67,2.6,3,2022,5.16666666666667,48.0449317738951,47.4021618559245,48.6877016918658,48.7600230748572,3,729594,574900,0.990006228297639,0.990303671306688,48.051865534195
"430",430,430,430,"Wisconsin","04","5504",45.2,-0.6,1,51.9074029678023,1,1,77.75,2.6,4,NA,1,72.5071065329686,72.0234434541315,72.9907696118057,76.1334620235505,4,647235,487199,0.878923675473082,0.873365349624714,72.9663287926549
"431",431,431,431,"Wisconsin","05","5505",45.2,-0.6,0,63.0007895358768,1,1,38.02,2.6,5,NA,7,29.3673271105491,28.8738181953245,29.8608360257737,35.8497185480269,5,636365,500356,0.863094834437805,0.863632754650806,30.2513129741532
"432",432,432,432,"Wisconsin","06","5506",45.2,-0.6,0,56.1930972081826,1,1,44.49,2.6,6,NA,7,31.4905661989662,30.9873568929699,31.9937755049626,41.4679144183113,6,721411,570840,0.979440747046381,0.979664967075061,31.6934559035102
"433",433,433,433,"Wisconsin","07","5507",45.2,-0.6,0,54.8787775850737,1,1,39.05,2.6,7,NA,7,29.7053388974223,29.2110840203203,30.1995937745243,40.2516006063022,7,732533,577125,0.99451648990187,0.994777257801794,29.7604193034826
"434",434,434,434,"Wisconsin","08","5508",45.2,-0.6,0,56.5585541881857,1,1,36.29,2.6,8,NA,7,28.7995985753155,28.3066511201348,29.2925460304962,41.8899887963747,8,736824,572019,1,1,28.7995985753155
"435",435,435,435,"Wyoming","00","5600",45.2,-0.6,0,39.1764448888231,1,1,31.89,2.6,1,NA,7,27.3556647284785,26.8602347480736,27.8510947088834,27.3556647284785,NA,NA,NA,NA,0,27.3556647284785
